orchard_id,district,year,doy,longitude,latitude,evi
T11,Akçaabat,2003,1,39.63053894,40.91648865,0.2495
T11,Akçaabat,2003,17,39.63053894,40.91648865,0.1771
T11,Akçaabat,2003,33,39.63053894,40.91648865,0.0824
T11,Akçaabat,2003,49,39.63053894,40.91648865,0.1415
T11,Akçaabat,2003,65,39.63053894,40.91648865,0.0131
T11,Akçaabat,2003,81,39.63053894,40.91648865,0.0961
T11,Akçaabat,2003,97,39.63053894,40.91648865,0.1801
T11,Akçaabat,2003,113,39.63053894,40.91648865,0.2594
T11,Akçaabat,2003,129,39.63053894,40.91648865,0.5651
T11,Akçaabat,2003,145,39.63053894,40.91648865,0.5363
T11,Akçaabat,2003,161,39.63053894,40.91648865,0.4681
T11,Akçaabat,2003,177,39.63053894,40.91648865,0.4855
T11,Akçaabat,2003,193,39.63053894,40.91648865,0.302
T11,Akçaabat,2003,209,39.63053894,40.91648865,0.5286
T11,Akçaabat,2003,225,39.63053894,40.91648865,0.3157
T11,Akçaabat,2003,241,39.63053894,40.91648865,0.3835
T11,Akçaabat,2003,257,39.63053894,40.91648865,0.4554
T11,Akçaabat,2003,273,39.63053894,40.91648865,0.3875
T11,Akçaabat,2003,289,39.63053894,40.91648865,0.2266
T11,Akçaabat,2003,305,39.63053894,40.91648865,0.2845
T11,Akçaabat,2003,321,39.63053894,40.91648865,0.3007
T11,Akçaabat,2003,337,39.63053894,40.91648865,0.134
T11,Akçaabat,2003,353,39.63053894,40.91648865,0.1716
T11,Akçaabat,2004,1,39.63053894,40.91648865,0.1716
T11,Akçaabat,2004,17,39.63053894,40.91648865,0.188
T11,Akçaabat,2004,33,39.63053894,40.91648865,0.1537
T11,Akçaabat,2004,49,39.63053894,40.91648865,0.1464
T11,Akçaabat,2004,65,39.63053894,40.91648865,0.1651
T11,Akçaabat,2004,81,39.63053894,40.91648865,0.2408
T11,Akçaabat,2004,97,39.63053894,40.91648865,0.2621
T11,Akçaabat,2004,113,39.63053894,40.91648865,0.3445
T11,Akçaabat,2004,129,39.63053894,40.91648865,0.421
T11,Akçaabat,2004,145,39.63053894,40.91648865,0.4984
T11,Akçaabat,2004,161,39.63053894,40.91648865,0.5294
T11,Akçaabat,2004,177,39.63053894,40.91648865,0.5807
T11,Akçaabat,2004,193,39.63053894,40.91648865,0.5108
T11,Akçaabat,2004,209,39.63053894,40.91648865,0.5268
T11,Akçaabat,2004,225,39.63053894,40.91648865,0.4787
T11,Akçaabat,2004,241,39.63053894,40.91648865,0.5593
T11,Akçaabat,2004,257,39.63053894,40.91648865,0.3974
T11,Akçaabat,2004,273,39.63053894,40.91648865,0.3934
T11,Akçaabat,2004,289,39.63053894,40.91648865,0.3629
T11,Akçaabat,2004,305,39.63053894,40.91648865,0.2899
T11,Akçaabat,2004,321,39.63053894,40.91648865,0.3336
T11,Akçaabat,2004,337,39.63053894,40.91648865,0.2489
T11,Akçaabat,2004,353,39.63053894,40.91648865,0.184
T11,Akçaabat,2005,1,39.63053894,40.91648865,0.1597
T11,Akçaabat,2005,17,39.63053894,40.91648865,0.1692
T11,Akçaabat,2005,33,39.63053894,40.91648865,0.2175
T11,Akçaabat,2005,49,39.63053894,40.91648865,0.2201
T11,Akçaabat,2005,65,39.63053894,40.91648865,0.1844
T11,Akçaabat,2005,81,39.63053894,40.91648865,0.0342
T11,Akçaabat,2005,97,39.63053894,40.91648865,0.2038
T11,Akçaabat,2005,113,39.63053894,40.91648865,0.3923
T11,Akçaabat,2005,129,39.63053894,40.91648865,0.4369
T11,Akçaabat,2005,145,39.63053894,40.91648865,0.5751
T11,Akçaabat,2005,161,39.63053894,40.91648865,0.5774
T11,Akçaabat,2005,177,39.63053894,40.91648865,0.4352
T11,Akçaabat,2005,193,39.63053894,40.91648865,0.4543
T11,Akçaabat,2005,209,39.63053894,40.91648865,0.4513
T11,Akçaabat,2005,225,39.63053894,40.91648865,0.5769
T11,Akçaabat,2005,241,39.63053894,40.91648865,0.3884
T11,Akçaabat,2005,257,39.63053894,40.91648865,0.4984
T11,Akçaabat,2005,273,39.63053894,40.91648865,0.3362
T11,Akçaabat,2005,289,39.63053894,40.91648865,0.2915
T11,Akçaabat,2005,305,39.63053894,40.91648865,0.245
T11,Akçaabat,2005,321,39.63053894,40.91648865,0.2445
T11,Akçaabat,2005,337,39.63053894,40.91648865,0.2199
T11,Akçaabat,2005,353,39.63053894,40.91648865,0.1451
T11,Akçaabat,2006,1,39.63053894,40.91648865,0.1451
T11,Akçaabat,2006,17,39.63053894,40.91648865,0.2213
T11,Akçaabat,2006,33,39.63053894,40.91648865,0.0388
T11,Akçaabat,2006,49,39.63053894,40.91648865,0.1884
T11,Akçaabat,2006,65,39.63053894,40.91648865,0.2116
T11,Akçaabat,2006,81,39.63053894,40.91648865,0.224
T11,Akçaabat,2006,97,39.63053894,40.91648865,0.3768
T11,Akçaabat,2006,113,39.63053894,40.91648865,0.1902
T11,Akçaabat,2006,129,39.63053894,40.91648865,0.5069
T11,Akçaabat,2006,145,39.63053894,40.91648865,0.5921
T11,Akçaabat,2006,161,39.63053894,40.91648865,0.1771
T11,Akçaabat,2006,177,39.63053894,40.91648865,0.3409
T11,Akçaabat,2006,193,39.63053894,40.91648865,0.4575
T11,Akçaabat,2006,209,39.63053894,40.91648865,0.5247
T11,Akçaabat,2006,225,39.63053894,40.91648865,0.2673
T11,Akçaabat,2006,241,39.63053894,40.91648865,0.3334
T11,Akçaabat,2006,257,39.63053894,40.91648865,0.3194
T11,Akçaabat,2006,273,39.63053894,40.91648865,0.3443
T11,Akçaabat,2006,289,39.63053894,40.91648865,0.3528
T11,Akçaabat,2006,305,39.63053894,40.91648865,0.2562
T11,Akçaabat,2006,321,39.63053894,40.91648865,0.2771
T11,Akçaabat,2006,337,39.63053894,40.91648865,0.2161
T11,Akçaabat,2006,353,39.63053894,40.91648865,0.2139
T11,Akçaabat,2007,1,39.63053894,40.91648865,0.1974
T11,Akçaabat,2007,17,39.63053894,40.91648865,0.1443
T11,Akçaabat,2007,33,39.63053894,40.91648865,0.1769
T11,Akçaabat,2007,49,39.63053894,40.91648865,0.2146
T11,Akçaabat,2007,65,39.63053894,40.91648865,0.2065
T11,Akçaabat,2007,81,39.63053894,40.91648865,0.2172
T11,Akçaabat,2007,97,39.63053894,40.91648865,0.276
T11,Akçaabat,2007,113,39.63053894,40.91648865,0.4303
T11,Akçaabat,2007,129,39.63053894,40.91648865,0.4888
T11,Akçaabat,2007,145,39.63053894,40.91648865,0.6129
T11,Akçaabat,2007,161,39.63053894,40.91648865,0.4394
T11,Akçaabat,2007,177,39.63053894,40.91648865,0.4528
T11,Akçaabat,2007,193,39.63053894,40.91648865,0.4438
T11,Akçaabat,2007,209,39.63053894,40.91648865,0.5476
T11,Akçaabat,2007,225,39.63053894,40.91648865,0.54
T11,Akçaabat,2007,241,39.63053894,40.91648865,0.4732
T11,Akçaabat,2007,257,39.63053894,40.91648865,0.4599
T11,Akçaabat,2007,273,39.63053894,40.91648865,0.3886
T11,Akçaabat,2007,289,39.63053894,40.91648865,0.3319
T11,Akçaabat,2007,305,39.63053894,40.91648865,0.3256
T11,Akçaabat,2007,321,39.63053894,40.91648865,0.2122
T11,Akçaabat,2007,337,39.63053894,40.91648865,0.2514
T11,Akçaabat,2007,353,39.63053894,40.91648865,0.1699
T11,Akçaabat,2008,1,39.63053894,40.91648865,0.1738
T11,Akçaabat,2008,17,39.63053894,40.91648865,0.0467
T11,Akçaabat,2008,33,39.63053894,40.91648865,0.1021
T11,Akçaabat,2008,49,39.63053894,40.91648865,0.1427
T11,Akçaabat,2008,65,39.63053894,40.91648865,0.1799
T11,Akçaabat,2008,81,39.63053894,40.91648865,0.2864
T11,Akçaabat,2008,97,39.63053894,40.91648865,0.5661
T11,Akçaabat,2008,113,39.63053894,40.91648865,0.4979
T11,Akçaabat,2008,129,39.63053894,40.91648865,0.4959
T11,Akçaabat,2008,145,39.63053894,40.91648865,0.491
T11,Akçaabat,2008,161,39.63053894,40.91648865,0.5979
T11,Akçaabat,2008,177,39.63053894,40.91648865,0.4196
T11,Akçaabat,2008,193,39.63053894,40.91648865,0.4825
T11,Akçaabat,2008,209,39.63053894,40.91648865,0.1379
T11,Akçaabat,2008,225,39.63053894,40.91648865,0.3624
T11,Akçaabat,2008,241,39.63053894,40.91648865,0.3304
T11,Akçaabat,2008,257,39.63053894,40.91648865,0.3717
T11,Akçaabat,2008,273,39.63053894,40.91648865,0.3426
T11,Akçaabat,2008,289,39.63053894,40.91648865,0.3217
T11,Akçaabat,2008,305,39.63053894,40.91648865,0.2901
T11,Akçaabat,2008,321,39.63053894,40.91648865,0.2025
T11,Akçaabat,2008,337,39.63053894,40.91648865,0.2214
T11,Akçaabat,2008,353,39.63053894,40.91648865,0.1832
T11,Akçaabat,2009,1,39.63053894,40.91648865,0.0646
T11,Akçaabat,2009,17,39.63053894,40.91648865,0.1731
T11,Akçaabat,2009,33,39.63053894,40.91648865,0.1905
T11,Akçaabat,2009,49,39.63053894,40.91648865,0.1698
T11,Akçaabat,2009,65,39.63053894,40.91648865,0.2907
T11,Akçaabat,2009,81,39.63053894,40.91648865,0.2771
T11,Akçaabat,2009,97,39.63053894,40.91648865,0.3018
T11,Akçaabat,2009,113,39.63053894,40.91648865,0.4351
T11,Akçaabat,2009,129,39.63053894,40.91648865,0.5167
T11,Akçaabat,2009,145,39.63053894,40.91648865,0.576
T11,Akçaabat,2009,161,39.63053894,40.91648865,0.565
T11,Akçaabat,2009,177,39.63053894,40.91648865,0.4185
T11,Akçaabat,2009,193,39.63053894,40.91648865,0.5316
T11,Akçaabat,2009,209,39.63053894,40.91648865,0.5529
T11,Akçaabat,2009,225,39.63053894,40.91648865,0.5558
T11,Akçaabat,2009,241,39.63053894,40.91648865,0.1193
T11,Akçaabat,2009,257,39.63053894,40.91648865,0.4654
T11,Akçaabat,2009,273,39.63053894,40.91648865,0.2707
T11,Akçaabat,2009,289,39.63053894,40.91648865,0.339
T11,Akçaabat,2009,305,39.63053894,40.91648865,0.3033
T11,Akçaabat,2009,321,39.63053894,40.91648865,0.2509
T11,Akçaabat,2009,337,39.63053894,40.91648865,0.1995
T11,Akçaabat,2009,353,39.63053894,40.91648865,0.2535
T11,Akçaabat,2010,1,39.63053894,40.91648865,0.2504
T11,Akçaabat,2010,17,39.63053894,40.91648865,0.0483
T11,Akçaabat,2010,33,39.63053894,40.91648865,0.2573
T11,Akçaabat,2010,49,39.63053894,40.91648865,0.1639
T11,Akçaabat,2010,65,39.63053894,40.91648865,0.2127
T11,Akçaabat,2010,81,39.63053894,40.91648865,0.2086
T11,Akçaabat,2010,97,39.63053894,40.91648865,0.3481
T11,Akçaabat,2010,113,39.63053894,40.91648865,0.4019
T11,Akçaabat,2010,129,39.63053894,40.91648865,0.5316
T11,Akçaabat,2010,145,39.63053894,40.91648865,0.557
T11,Akçaabat,2010,161,39.63053894,40.91648865,0.5735
T11,Akçaabat,2010,177,39.63053894,40.91648865,0.3579
T11,Akçaabat,2010,193,39.63053894,40.91648865,0.4718
T11,Akçaabat,2010,209,39.63053894,40.91648865,0.4971
T11,Akçaabat,2010,225,39.63053894,40.91648865,0.4197
T11,Akçaabat,2010,241,39.63053894,40.91648865,0.4653
T11,Akçaabat,2010,257,39.63053894,40.91648865,0.3371
T11,Akçaabat,2010,273,39.63053894,40.91648865,0.403
T11,Akçaabat,2010,289,39.63053894,40.91648865,0.3695
T11,Akçaabat,2010,305,39.63053894,40.91648865,0.3085
T11,Akçaabat,2010,321,39.63053894,40.91648865,0.2845
T11,Akçaabat,2010,337,39.63053894,40.91648865,0.2393
T11,Akçaabat,2010,353,39.63053894,40.91648865,0.2199
T11,Akçaabat,2011,1,39.63053894,40.91648865,0.1598
T11,Akçaabat,2011,17,39.63053894,40.91648865,0.1549
T11,Akçaabat,2011,33,39.63053894,40.91648865,0.147
T11,Akçaabat,2011,49,39.63053894,40.91648865,0.221
T11,Akçaabat,2011,65,39.63053894,40.91648865,0.1682
T11,Akçaabat,2011,81,39.63053894,40.91648865,0.1901
T11,Akçaabat,2011,97,39.63053894,40.91648865,0.1766
T11,Akçaabat,2011,113,39.63053894,40.91648865,0.2785
T11,Akçaabat,2011,129,39.63053894,40.91648865,0.4963
T11,Akçaabat,2011,145,39.63053894,40.91648865,0.6658
T11,Akçaabat,2011,161,39.63053894,40.91648865,0.5334
T11,Akçaabat,2011,177,39.63053894,40.91648865,0.6492
T11,Akçaabat,2011,193,39.63053894,40.91648865,0.632
T11,Akçaabat,2011,209,39.63053894,40.91648865,0.2736
T11,Akçaabat,2011,225,39.63053894,40.91648865,0.4093
T11,Akçaabat,2011,241,39.63053894,40.91648865,0.4415
T11,Akçaabat,2011,257,39.63053894,40.91648865,0.5396
T11,Akçaabat,2011,273,39.63053894,40.91648865,0.4131
T11,Akçaabat,2011,289,39.63053894,40.91648865,0.3763
T11,Akçaabat,2011,305,39.63053894,40.91648865,0.3476
T11,Akçaabat,2011,321,39.63053894,40.91648865,0.2694
T11,Akçaabat,2011,337,39.63053894,40.91648865,0.1802
T11,Akçaabat,2011,353,39.63053894,40.91648865,0.1671
T11,Akçaabat,2012,1,39.63053894,40.91648865,0.2378
T11,Akçaabat,2012,17,39.63053894,40.91648865,0.0299
T11,Akçaabat,2012,33,39.63053894,40.91648865,0.0805
T11,Akçaabat,2012,49,39.63053894,40.91648865,0.2698
T11,Akçaabat,2012,65,39.63053894,40.91648865,0.1539
T11,Akçaabat,2012,81,39.63053894,40.91648865,0.2033
T11,Akçaabat,2012,97,39.63053894,40.91648865,0.307
T11,Akçaabat,2012,113,39.63053894,40.91648865,0.4662
T11,Akçaabat,2012,129,39.63053894,40.91648865,0.6256
T11,Akçaabat,2012,145,39.63053894,40.91648865,0.6223
T11,Akçaabat,2012,161,39.63053894,40.91648865,0.4794
T11,Akçaabat,2012,177,39.63053894,40.91648865,0.4978
T11,Akçaabat,2012,193,39.63053894,40.91648865,0.6037
T11,Akçaabat,2012,209,39.63053894,40.91648865,0.4923
T11,Akçaabat,2012,225,39.63053894,40.91648865,0.3891
T11,Akçaabat,2012,241,39.63053894,40.91648865,0.2409
T11,Akçaabat,2012,257,39.63053894,40.91648865,0.3661
T11,Akçaabat,2012,273,39.63053894,40.91648865,0.3671
T11,Akçaabat,2012,289,39.63053894,40.91648865,0.385
T11,Akçaabat,2012,305,39.63053894,40.91648865,0.351
T11,Akçaabat,2012,321,39.63053894,40.91648865,0.2724
T11,Akçaabat,2012,337,39.63053894,40.91648865,0.2619
T11,Akçaabat,2012,353,39.63053894,40.91648865,0.1591
T11,Akçaabat,2013,1,39.63053894,40.91648865,0.1591
T11,Akçaabat,2013,17,39.63053894,40.91648865,0.089
T11,Akçaabat,2013,33,39.63053894,40.91648865,0.1858
T11,Akçaabat,2013,49,39.63053894,40.91648865,0.2857
T11,Akçaabat,2013,65,39.63053894,40.91648865,0.1868
T11,Akçaabat,2013,81,39.63053894,40.91648865,0.2902
T11,Akçaabat,2013,97,39.63053894,40.91648865,0.3718
T11,Akçaabat,2013,113,39.63053894,40.91648865,0.4629
T11,Akçaabat,2013,129,39.63053894,40.91648865,0.4643
T11,Akçaabat,2013,145,39.63053894,40.91648865,0.5488
T11,Akçaabat,2013,161,39.63053894,40.91648865,0.5256
T11,Akçaabat,2013,177,39.63053894,40.91648865,0.5369
T11,Akçaabat,2013,193,39.63053894,40.91648865,0.4413
T11,Akçaabat,2013,209,39.63053894,40.91648865,0.4844
T11,Akçaabat,2013,225,39.63053894,40.91648865,0.3917
T11,Akçaabat,2013,241,39.63053894,40.91648865,0.3509
T11,Akçaabat,2013,257,39.63053894,40.91648865,0.3739
T11,Akçaabat,2013,273,39.63053894,40.91648865,0.3643
T11,Akçaabat,2013,289,39.63053894,40.91648865,0.3516
T11,Akçaabat,2013,305,39.63053894,40.91648865,0.3035
T11,Akçaabat,2013,321,39.63053894,40.91648865,0.2652
T11,Akçaabat,2013,337,39.63053894,40.91648865,0.0367
T11,Akçaabat,2013,353,39.63053894,40.91648865,0.1813
T11,Akçaabat,2014,1,39.63053894,40.91648865,0.1813
T11,Akçaabat,2014,17,39.63053894,40.91648865,0.1588
T11,Akçaabat,2014,33,39.63053894,40.91648865,0.1474
T11,Akçaabat,2014,49,39.63053894,40.91648865,0.1609
T11,Akçaabat,2014,65,39.63053894,40.91648865,0.236
T11,Akçaabat,2014,81,39.63053894,40.91648865,0.2857
T11,Akçaabat,2014,97,39.63053894,40.91648865,0.3771
T11,Akçaabat,2014,113,39.63053894,40.91648865,0.4932
T11,Akçaabat,2014,129,39.63053894,40.91648865,0.4425
T11,Akçaabat,2014,145,39.63053894,40.91648865,0.5182
T11,Akçaabat,2014,161,39.63053894,40.91648865,0.5491
T11,Akçaabat,2014,177,39.63053894,40.91648865,0.4842
T11,Akçaabat,2014,193,39.63053894,40.91648865,0.4655
T11,Akçaabat,2014,209,39.63053894,40.91648865,0.4998
T11,Akçaabat,2014,225,39.63053894,40.91648865,0.4465
T11,Akçaabat,2014,241,39.63053894,40.91648865,0.603
T11,Akçaabat,2014,257,39.63053894,40.91648865,0.3937
T11,Akçaabat,2014,273,39.63053894,40.91648865,0.4404
T11,Akçaabat,2014,289,39.63053894,40.91648865,0.3356
T11,Akçaabat,2014,305,39.63053894,40.91648865,0.3492
T11,Akçaabat,2014,321,39.63053894,40.91648865,0.2323
T11,Akçaabat,2014,337,39.63053894,40.91648865,0.2414
T11,Akçaabat,2014,353,39.63053894,40.91648865,0.1473
T11,Akçaabat,2015,1,39.63053894,40.91648865,0.0282
T11,Akçaabat,2015,17,39.63053894,40.91648865,0.1524
T11,Akçaabat,2015,33,39.63053894,40.91648865,0.1638
T11,Akçaabat,2015,49,39.63053894,40.91648865,0.1841
T11,Akçaabat,2015,65,39.63053894,40.91648865,0.1651
T11,Akçaabat,2015,81,39.63053894,40.91648865,0.1772
T11,Akçaabat,2015,97,39.63053894,40.91648865,0.3959
T11,Akçaabat,2015,113,39.63053894,40.91648865,0.375
T11,Akçaabat,2015,129,39.63053894,40.91648865,0.5258
T11,Akçaabat,2015,145,39.63053894,40.91648865,0.3337
T11,Akçaabat,2015,161,39.63053894,40.91648865,0.5458
T11,Akçaabat,2015,177,39.63053894,40.91648865,0.4634
T11,Akçaabat,2015,193,39.63053894,40.91648865,0.4043
T11,Akçaabat,2015,209,39.63053894,40.91648865,0.5209
T11,Akçaabat,2015,225,39.63053894,40.91648865,0.6293
T11,Akçaabat,2015,241,39.63053894,40.91648865,0.397
T11,Akçaabat,2015,257,39.63053894,40.91648865,0.442
T11,Akçaabat,2015,273,39.63053894,40.91648865,0.3244
T11,Akçaabat,2015,289,39.63053894,40.91648865,0.31
T11,Akçaabat,2015,305,39.63053894,40.91648865,0.2961
T11,Akçaabat,2015,321,39.63053894,40.91648865,0.2426
T11,Akçaabat,2015,337,39.63053894,40.91648865,0.2748
T11,Akçaabat,2015,353,39.63053894,40.91648865,0.1922
T11,Akçaabat,2016,1,39.63053894,40.91648865,0.0469
T11,Akçaabat,2016,17,39.63053894,40.91648865,0.2464
T11,Akçaabat,2016,33,39.63053894,40.91648865,0.199
T11,Akçaabat,2016,49,39.63053894,40.91648865,0.2488
T11,Akçaabat,2016,65,39.63053894,40.91648865,0.2358
T11,Akçaabat,2016,81,39.63053894,40.91648865,0.3419
T11,Akçaabat,2016,97,39.63053894,40.91648865,0.4049
T11,Akçaabat,2016,113,39.63053894,40.91648865,0.5602
T11,Akçaabat,2016,129,39.63053894,40.91648865,0.5496
T11,Akçaabat,2016,145,39.63053894,40.91648865,0.5076
T11,Akçaabat,2016,161,39.63053894,40.91648865,0.5493
T11,Akçaabat,2016,177,39.63053894,40.91648865,0.1364
T11,Akçaabat,2016,193,39.63053894,40.91648865,0.4705
T11,Akçaabat,2016,209,39.63053894,40.91648865,0.4299
T11,Akçaabat,2016,225,39.63053894,40.91648865,0.3721
T11,Akçaabat,2016,241,39.63053894,40.91648865,0.3882
T11,Akçaabat,2016,257,39.63053894,40.91648865,0.3411
T11,Akçaabat,2016,273,39.63053894,40.91648865,0.3162
T11,Akçaabat,2016,289,39.63053894,40.91648865,0.3664
T11,Akçaabat,2016,305,39.63053894,40.91648865,0.3694
T11,Akçaabat,2016,321,39.63053894,40.91648865,0.2391
T11,Akçaabat,2016,337,39.63053894,40.91648865,0.0864
T11,Akçaabat,2016,353,39.63053894,40.91648865,0.2252
T11,Akçaabat,2017,1,39.63053894,40.91648865,0.1926
T11,Akçaabat,2017,17,39.63053894,40.91648865,0.2012
T11,Akçaabat,2017,33,39.63053894,40.91648865,0.0974
T11,Akçaabat,2017,49,39.63053894,40.91648865,0.1549
T11,Akçaabat,2017,65,39.63053894,40.91648865,0.1862
T11,Akçaabat,2017,81,39.63053894,40.91648865,0.3078
T11,Akçaabat,2017,97,39.63053894,40.91648865,0.3629
T11,Akçaabat,2017,113,39.63053894,40.91648865,0.4572
T11,Akçaabat,2017,129,39.63053894,40.91648865,0.4867
T11,Akçaabat,2017,145,39.63053894,40.91648865,0.5872
T11,Akçaabat,2017,161,39.63053894,40.91648865,0.6376
T11,Akçaabat,2017,177,39.63053894,40.91648865,0.6156
T11,Akçaabat,2017,193,39.63053894,40.91648865,0.5218
T11,Akçaabat,2017,209,39.63053894,40.91648865,0.395
T11,Akçaabat,2017,225,39.63053894,40.91648865,0.1332
T11,Akçaabat,2017,241,39.63053894,40.91648865,0.4564
T11,Akçaabat,2017,257,39.63053894,40.91648865,0.4056
T11,Akçaabat,2017,273,39.63053894,40.91648865,0.4527
T11,Akçaabat,2017,289,39.63053894,40.91648865,0.3312
T11,Akçaabat,2017,305,39.63053894,40.91648865,0.2713
T11,Akçaabat,2017,321,39.63053894,40.91648865,0.2358
T11,Akçaabat,2017,337,39.63053894,40.91648865,0.2308
T11,Akçaabat,2017,353,39.63053894,40.91648865,0.2416
T11,Akçaabat,2018,1,39.63053894,40.91648865,0.1441
T11,Akçaabat,2018,17,39.63053894,40.91648865,0.1858
T11,Akçaabat,2018,33,39.63053894,40.91648865,0.1866
T11,Akçaabat,2018,49,39.63053894,40.91648865,0.2729
T11,Akçaabat,2018,65,39.63053894,40.91648865,0.2326
T11,Akçaabat,2018,81,39.63053894,40.91648865,0.384
T11,Akçaabat,2018,97,39.63053894,40.91648865,0.4994
T11,Akçaabat,2018,113,39.63053894,40.91648865,0.6541
T11,Akçaabat,2018,129,39.63053894,40.91648865,0.6454
T11,Akçaabat,2018,145,39.63053894,40.91648865,0.6481
T11,Akçaabat,2018,161,39.63053894,40.91648865,0.6271
T11,Akçaabat,2018,177,39.63053894,40.91648865,0.5071
T11,Akçaabat,2018,193,39.63053894,40.91648865,0.4555
T11,Akçaabat,2018,209,39.63053894,40.91648865,0.5066
T11,Akçaabat,2018,225,39.63053894,40.91648865,0.5593
T11,Akçaabat,2018,241,39.63053894,40.91648865,0.4167
T11,Akçaabat,2018,257,39.63053894,40.91648865,0.4651
T11,Akçaabat,2018,273,39.63053894,40.91648865,0.3441
T11,Akçaabat,2018,289,39.63053894,40.91648865,0.3208
T11,Akçaabat,2018,305,39.63053894,40.91648865,0.3113
T11,Akçaabat,2018,321,39.63053894,40.91648865,0.2419
T11,Akçaabat,2018,337,39.63053894,40.91648865,0.2655
T11,Akçaabat,2018,353,39.63053894,40.91648865,0.2283
T11,Akçaabat,2019,1,39.63053894,40.91648865,0.1541
T11,Akçaabat,2019,17,39.63053894,40.91648865,0.175
T11,Akçaabat,2019,33,39.63053894,40.91648865,0.1677
T11,Akçaabat,2019,49,39.63053894,40.91648865,0.1606
T11,Akçaabat,2019,65,39.63053894,40.91648865,0.2586
T11,Akçaabat,2019,81,39.63053894,40.91648865,0.2792
T11,Akçaabat,2019,97,39.63053894,40.91648865,0.2057
T11,Akçaabat,2019,113,39.63053894,40.91648865,0.5882
T11,Akçaabat,2019,129,39.63053894,40.91648865,0.6447
T11,Akçaabat,2019,145,39.63053894,40.91648865,0.6695
T11,Akçaabat,2019,161,39.63053894,40.91648865,0.3835
T11,Akçaabat,2019,177,39.63053894,40.91648865,0.4546
T11,Akçaabat,2019,193,39.63053894,40.91648865,0.3559
T11,Akçaabat,2019,209,39.63053894,40.91648865,0.6491
T11,Akçaabat,2019,225,39.63053894,40.91648865,0.3942
T11,Akçaabat,2019,241,39.63053894,40.91648865,0.224
T11,Akçaabat,2019,257,39.63053894,40.91648865,0.4219
T11,Akçaabat,2019,273,39.63053894,40.91648865,0.3805
T11,Akçaabat,2019,289,39.63053894,40.91648865,0.346
T11,Akçaabat,2019,305,39.63053894,40.91648865,0.3426
T11,Akçaabat,2019,321,39.63053894,40.91648865,0.2367
T11,Akçaabat,2019,337,39.63053894,40.91648865,0.1643
T11,Akçaabat,2019,353,39.63053894,40.91648865,0.1892
T11,Akçaabat,2020,1,39.63053894,40.91648865,0.1518
T11,Akçaabat,2020,17,39.63053894,40.91648865,0.0602
T11,Akçaabat,2020,33,39.63053894,40.91648865,0.1099
T11,Akçaabat,2020,49,39.63053894,40.91648865,0.1789
T11,Akçaabat,2020,65,39.63053894,40.91648865,0.1799
T11,Akçaabat,2020,81,39.63053894,40.91648865,0.2115
T11,Akçaabat,2020,97,39.63053894,40.91648865,0.3185
T11,Akçaabat,2020,113,39.63053894,40.91648865,0.4178
T11,Akçaabat,2020,129,39.63053894,40.91648865,0.5325
T11,Akçaabat,2020,145,39.63053894,40.91648865,0.5481
T11,Akçaabat,2020,161,39.63053894,40.91648865,0.6023
T11,Akçaabat,2020,177,39.63053894,40.91648865,0.266
T11,Akçaabat,2020,193,39.63053894,40.91648865,0.6019
T11,Akçaabat,2020,209,39.63053894,40.91648865,0.1323
T11,Akçaabat,2020,225,39.63053894,40.91648865,0.4546
T11,Akçaabat,2020,241,39.63053894,40.91648865,0.4834
T11,Akçaabat,2020,257,39.63053894,40.91648865,0.4284
T11,Akçaabat,2020,273,39.63053894,40.91648865,0.392
T11,Akçaabat,2020,289,39.63053894,40.91648865,0.289
T11,Akçaabat,2020,305,39.63053894,40.91648865,0.2761
T11,Akçaabat,2020,321,39.63053894,40.91648865,0.251
T11,Akçaabat,2020,337,39.63053894,40.91648865,0.2067
T11,Akçaabat,2020,353,39.63053894,40.91648865,0.1368
T11,Akçaabat,2021,1,39.63053894,40.91648865,0.1533
T11,Akçaabat,2021,17,39.63053894,40.91648865,0.1195
T11,Akçaabat,2021,33,39.63053894,40.91648865,0.1589
T11,Akçaabat,2021,49,39.63053894,40.91648865,0.1677
T11,Akçaabat,2021,65,39.63053894,40.91648865,0.1679
T11,Akçaabat,2021,81,39.63053894,40.91648865,0.0436
T11,Akçaabat,2021,97,39.63053894,40.91648865,0.1716
T11,Akçaabat,2021,113,39.63053894,40.91648865,0.4847
T11,Akçaabat,2021,129,39.63053894,40.91648865,0.4912
T11,Akçaabat,2021,145,39.63053894,40.91648865,0.5238
T11,Akçaabat,2021,161,39.63053894,40.91648865,0.5244
T11,Akçaabat,2021,177,39.63053894,40.91648865,0.5031
T11,Akçaabat,2021,193,39.63053894,40.91648865,0.4923
T11,Akçaabat,2021,209,39.63053894,40.91648865,0.5929
T11,Akçaabat,2021,225,39.63053894,40.91648865,0.4591
T11,Akçaabat,2021,241,39.63053894,40.91648865,0.3753
T11,Akçaabat,2021,257,39.63053894,40.91648865,0.3831
T11,Akçaabat,2021,273,39.63053894,40.91648865,0.3227
T11,Akçaabat,2021,289,39.63053894,40.91648865,0.3198
T11,Akçaabat,2021,305,39.63053894,40.91648865,0.3122
T11,Akçaabat,2021,321,39.63053894,40.91648865,0.3206
T11,Akçaabat,2021,337,39.63053894,40.91648865,0.2409
T11,Akçaabat,2021,353,39.63053894,40.91648865,0.1847
T11,Akçaabat,2022,1,39.63053894,40.91648865,0.1685
T11,Akçaabat,2022,17,39.63053894,40.91648865,0.0724
T11,Akçaabat,2022,33,39.63053894,40.91648865,0.2623
T11,Akçaabat,2022,49,39.63053894,40.91648865,0.1753
T11,Akçaabat,2022,65,39.63053894,40.91648865,0.2879
T11,Akçaabat,2022,81,39.63053894,40.91648865,0.2101
T11,Akçaabat,2022,97,39.63053894,40.91648865,0.3075
T11,Akçaabat,2022,113,39.63053894,40.91648865,0.4169
T11,Akçaabat,2022,129,39.63053894,40.91648865,0.525
T11,Akçaabat,2022,145,39.63053894,40.91648865,0.6592
T11,Akçaabat,2022,161,39.63053894,40.91648865,0.5142
T11,Akçaabat,2022,177,39.63053894,40.91648865,0.2166
T11,Akçaabat,2022,193,39.63053894,40.91648865,0.5386
T11,Akçaabat,2022,209,39.63053894,40.91648865,0.2121
T11,Akçaabat,2022,225,39.63053894,40.91648865,0.3311
T11,Akçaabat,2022,241,39.63053894,40.91648865,0.3999
T11,Akçaabat,2022,257,39.63053894,40.91648865,0.4222
T11,Akçaabat,2022,273,39.63053894,40.91648865,0.4023
T11,Akçaabat,2022,289,39.63053894,40.91648865,0.3377
T11,Akçaabat,2022,305,39.63053894,40.91648865,0.3242
T11,Akçaabat,2022,321,39.63053894,40.91648865,0.2479
T11,Akçaabat,2022,337,39.63053894,40.91648865,0.21
T11,Akçaabat,2022,353,39.63053894,40.91648865,0.1765
T11,Akçaabat,2023,1,39.63053894,40.91648865,0.1659
T11,Akçaabat,2023,17,39.63053894,40.91648865,0.1505
T11,Akçaabat,2023,33,39.63053894,40.91648865,0.0359
T11,Akçaabat,2003,9,39.63053894,40.91648865,0.1802
T11,Akçaabat,2003,25,39.63053894,40.91648865,0.2072
T11,Akçaabat,2003,41,39.63053894,40.91648865,0.1542
T11,Akçaabat,2003,57,39.63053894,40.91648865,0.1688
T11,Akçaabat,2003,73,39.63053894,40.91648865,0.2017
T11,Akçaabat,2003,89,39.63053894,40.91648865,0.212
T11,Akçaabat,2003,105,39.63053894,40.91648865,0.2084
T11,Akçaabat,2003,121,39.63053894,40.91648865,0.4467
T11,Akçaabat,2003,137,39.63053894,40.91648865,0.5057
T11,Akçaabat,2003,153,39.63053894,40.91648865,0.4818
T11,Akçaabat,2003,169,39.63053894,40.91648865,0.4815
T11,Akçaabat,2003,185,39.63053894,40.91648865,0.4308
T11,Akçaabat,2003,201,39.63053894,40.91648865,0.2947
T11,Akçaabat,2003,217,39.63053894,40.91648865,0.3729
T11,Akçaabat,2003,233,39.63053894,40.91648865,0.448
T11,Akçaabat,2003,249,39.63053894,40.91648865,0.424
T11,Akçaabat,2003,265,39.63053894,40.91648865,0.4429
T11,Akçaabat,2003,281,39.63053894,40.91648865,0.379
T11,Akçaabat,2003,297,39.63053894,40.91648865,0.3323
T11,Akçaabat,2003,313,39.63053894,40.91648865,0.294
T11,Akçaabat,2003,329,39.63053894,40.91648865,0.2579
T11,Akçaabat,2003,345,39.63053894,40.91648865,0.2123
T11,Akçaabat,2003,361,39.63053894,40.91648865,0.2201
T11,Akçaabat,2004,9,39.63053894,40.91648865,0.06
T11,Akçaabat,2004,25,39.63053894,40.91648865,0.2155
T11,Akçaabat,2004,41,39.63053894,40.91648865,0.1909
T11,Akçaabat,2004,57,39.63053894,40.91648865,0.0371
T11,Akçaabat,2004,73,39.63053894,40.91648865,0.218
T11,Akçaabat,2004,89,39.63053894,40.91648865,0.3088
T11,Akçaabat,2004,105,39.63053894,40.91648865,0.367
T11,Akçaabat,2004,121,39.63053894,40.91648865,0.4188
T11,Akçaabat,2004,137,39.63053894,40.91648865,0.5666
T11,Akçaabat,2004,153,39.63053894,40.91648865,0.5541
T11,Akçaabat,2004,169,39.63053894,40.91648865,0.5707
T11,Akçaabat,2004,185,39.63053894,40.91648865,0.4697
T11,Akçaabat,2004,201,39.63053894,40.91648865,0.4634
T11,Akçaabat,2004,217,39.63053894,40.91648865,0.4849
T11,Akçaabat,2004,233,39.63053894,40.91648865,0.4752
T11,Akçaabat,2004,249,39.63053894,40.91648865,0.087
T11,Akçaabat,2004,265,39.63053894,40.91648865,0.4007
T11,Akçaabat,2004,281,39.63053894,40.91648865,0.4002
T11,Akçaabat,2004,297,39.63053894,40.91648865,0.4062
T11,Akçaabat,2004,313,39.63053894,40.91648865,0.2361
T11,Akçaabat,2004,329,39.63053894,40.91648865,0.1906
T11,Akçaabat,2004,345,39.63053894,40.91648865,0.0843
T11,Akçaabat,2004,361,39.63053894,40.91648865,0.1479
T11,Akçaabat,2005,9,39.63053894,40.91648865,0.1928
T11,Akçaabat,2005,25,39.63053894,40.91648865,0.1961
T11,Akçaabat,2005,41,39.63053894,40.91648865,0.1744
T11,Akçaabat,2005,57,39.63053894,40.91648865,0.2711
T11,Akçaabat,2005,73,39.63053894,40.91648865,0.1963
T11,Akçaabat,2005,89,39.63053894,40.91648865,0.2867
T11,Akçaabat,2005,105,39.63053894,40.91648865,0.4983
T11,Akçaabat,2005,121,39.63053894,40.91648865,0.492
T11,Akçaabat,2005,137,39.63053894,40.91648865,0.534
T11,Akçaabat,2005,153,39.63053894,40.91648865,0.4731
T11,Akçaabat,2005,169,39.63053894,40.91648865,0.5264
T11,Akçaabat,2005,185,39.63053894,40.91648865,0.5164
T11,Akçaabat,2005,201,39.63053894,40.91648865,0.1916
T11,Akçaabat,2005,217,39.63053894,40.91648865,0.5045
T11,Akçaabat,2005,233,39.63053894,40.91648865,0.5236
T11,Akçaabat,2005,249,39.63053894,40.91648865,0.4568
T11,Akçaabat,2005,265,39.63053894,40.91648865,0.4043
T11,Akçaabat,2005,281,39.63053894,40.91648865,0.4321
T11,Akçaabat,2005,297,39.63053894,40.91648865,0.3233
T11,Akçaabat,2005,313,39.63053894,40.91648865,0.3016
T11,Akçaabat,2005,329,39.63053894,40.91648865,0.2131
T11,Akçaabat,2005,345,39.63053894,40.91648865,0.1375
T11,Akçaabat,2005,361,39.63053894,40.91648865,0.2072
T11,Akçaabat,2006,9,39.63053894,40.91648865,0.1263
T11,Akçaabat,2006,25,39.63053894,40.91648865,0.1898
T11,Akçaabat,2006,41,39.63053894,40.91648865,0.0198
T11,Akçaabat,2006,57,39.63053894,40.91648865,0.1841
T11,Akçaabat,2006,73,39.63053894,40.91648865,0.1884
T11,Akçaabat,2006,89,39.63053894,40.91648865,0.3764
T11,Akçaabat,2006,105,39.63053894,40.91648865,0.435
T11,Akçaabat,2006,121,39.63053894,40.91648865,0.5835
T11,Akçaabat,2006,137,39.63053894,40.91648865,0.5358
T11,Akçaabat,2006,153,39.63053894,40.91648865,0.5583
T11,Akçaabat,2006,169,39.63053894,40.91648865,0.1289
T11,Akçaabat,2006,185,39.63053894,40.91648865,0.586
T11,Akçaabat,2006,201,39.63053894,40.91648865,0.4964
T11,Akçaabat,2006,217,39.63053894,40.91648865,0.4855
T11,Akçaabat,2006,233,39.63053894,40.91648865,0.4322
T11,Akçaabat,2006,249,39.63053894,40.91648865,0.3665
T11,Akçaabat,2006,265,39.63053894,40.91648865,0.4186
T11,Akçaabat,2006,281,39.63053894,40.91648865,0.3311
T11,Akçaabat,2006,297,39.63053894,40.91648865,0.4038
T11,Akçaabat,2006,313,39.63053894,40.91648865,0.3832
T11,Akçaabat,2006,329,39.63053894,40.91648865,0.3057
T11,Akçaabat,2006,345,39.63053894,40.91648865,0.3024
T11,Akçaabat,2006,361,39.63053894,40.91648865,0.2407
T11,Akçaabat,2007,9,39.63053894,40.91648865,0.2115
T11,Akçaabat,2007,25,39.63053894,40.91648865,0.1973
T11,Akçaabat,2007,41,39.63053894,40.91648865,0.2296
T11,Akçaabat,2007,57,39.63053894,40.91648865,0.2353
T11,Akçaabat,2007,73,39.63053894,40.91648865,0.2102
T11,Akçaabat,2007,89,39.63053894,40.91648865,0.2351
T11,Akçaabat,2007,105,39.63053894,40.91648865,0.3912
T11,Akçaabat,2007,121,39.63053894,40.91648865,0.5335
T11,Akçaabat,2007,137,39.63053894,40.91648865,0.5491
T11,Akçaabat,2007,153,39.63053894,40.91648865,0.5595
T11,Akçaabat,2007,169,39.63053894,40.91648865,0.5542
T11,Akçaabat,2007,185,39.63053894,40.91648865,0.5269
T11,Akçaabat,2007,201,39.63053894,40.91648865,0.5283
T11,Akçaabat,2007,217,39.63053894,40.91648865,0.5037
T11,Akçaabat,2007,233,39.63053894,40.91648865,0.4303
T11,Akçaabat,2007,249,39.63053894,40.91648865,0.4155
T11,Akçaabat,2007,265,39.63053894,40.91648865,0.5222
T11,Akçaabat,2007,281,39.63053894,40.91648865,0.3765
T11,Akçaabat,2007,297,39.63053894,40.91648865,0.3641
T11,Akçaabat,2007,313,39.63053894,40.91648865,0.2703
T11,Akçaabat,2007,329,39.63053894,40.91648865,0.3058
T11,Akçaabat,2007,345,39.63053894,40.91648865,0.2361
T11,Akçaabat,2007,361,39.63053894,40.91648865,0.2474
T11,Akçaabat,2008,9,39.63053894,40.91648865,0.2516
T11,Akçaabat,2008,25,39.63053894,40.91648865,0.0997
T11,Akçaabat,2008,41,39.63053894,40.91648865,0.0758
T11,Akçaabat,2008,57,39.63053894,40.91648865,0.1828
T11,Akçaabat,2008,73,39.63053894,40.91648865,0.2469
T11,Akçaabat,2008,89,39.63053894,40.91648865,0.3491
T11,Akçaabat,2008,105,39.63053894,40.91648865,0.4914
T11,Akçaabat,2008,121,39.63053894,40.91648865,0.5831
T11,Akçaabat,2008,137,39.63053894,40.91648865,0.5775
T11,Akçaabat,2008,153,39.63053894,40.91648865,0.5292
T11,Akçaabat,2008,169,39.63053894,40.91648865,0.5208
T11,Akçaabat,2008,185,39.63053894,40.91648865,0.5316
T11,Akçaabat,2008,201,39.63053894,40.91648865,0.4784
T11,Akçaabat,2008,217,39.63053894,40.91648865,0.4437
T11,Akçaabat,2008,233,39.63053894,40.91648865,0.3286
T11,Akçaabat,2008,249,39.63053894,40.91648865,0.43
T11,Akçaabat,2008,265,39.63053894,40.91648865,0.4635
T11,Akçaabat,2008,281,39.63053894,40.91648865,0.3304
T11,Akçaabat,2008,297,39.63053894,40.91648865,0.3039
T11,Akçaabat,2008,313,39.63053894,40.91648865,0.305
T11,Akçaabat,2008,329,39.63053894,40.91648865,0.271
T11,Akçaabat,2008,345,39.63053894,40.91648865,0.1911
T11,Akçaabat,2008,361,39.63053894,40.91648865,0.0628
T11,Akçaabat,2009,9,39.63053894,40.91648865,0.1803
T11,Akçaabat,2009,25,39.63053894,40.91648865,0.0486
T11,Akçaabat,2009,41,39.63053894,40.91648865,0.2212
T11,Akçaabat,2009,57,39.63053894,40.91648865,0.2336
T11,Akçaabat,2009,73,39.63053894,40.91648865,0.2319
T11,Akçaabat,2009,89,39.63053894,40.91648865,0.2974
T11,Akçaabat,2009,105,39.63053894,40.91648865,0.3924
T11,Akçaabat,2009,121,39.63053894,40.91648865,0.5591
T11,Akçaabat,2009,137,39.63053894,40.91648865,0.6256
T11,Akçaabat,2009,153,39.63053894,40.91648865,0.5814
T11,Akçaabat,2009,169,39.63053894,40.91648865,0.5354
T11,Akçaabat,2009,185,39.63053894,40.91648865,0.3892
T11,Akçaabat,2009,201,39.63053894,40.91648865,0.3044
T11,Akçaabat,2009,217,39.63053894,40.91648865,0.3607
T11,Akçaabat,2009,233,39.63053894,40.91648865,0.2991
T11,Akçaabat,2009,249,39.63053894,40.91648865,0.0668
T11,Akçaabat,2009,265,39.63053894,40.91648865,0.3747
T11,Akçaabat,2009,281,39.63053894,40.91648865,0.3561
T11,Akçaabat,2009,297,39.63053894,40.91648865,0.3028
T11,Akçaabat,2009,313,39.63053894,40.91648865,0.3494
T11,Akçaabat,2009,329,39.63053894,40.91648865,0.3167
T11,Akçaabat,2009,345,39.63053894,40.91648865,0.2763
T11,Akçaabat,2009,361,39.63053894,40.91648865,0.2419
T11,Akçaabat,2010,9,39.63053894,40.91648865,0.1861
T11,Akçaabat,2010,25,39.63053894,40.91648865,0.2345
T11,Akçaabat,2010,41,39.63053894,40.91648865,0.2341
T11,Akçaabat,2010,57,39.63053894,40.91648865,0.2265
T11,Akçaabat,2010,73,39.63053894,40.91648865,0.2711
T11,Akçaabat,2010,89,39.63053894,40.91648865,0.3122
T11,Akçaabat,2010,105,39.63053894,40.91648865,0.3759
T11,Akçaabat,2010,121,39.63053894,40.91648865,0.542
T11,Akçaabat,2010,137,39.63053894,40.91648865,0.5873
T11,Akçaabat,2010,153,39.63053894,40.91648865,0.4698
T11,Akçaabat,2010,169,39.63053894,40.91648865,0.2402
T11,Akçaabat,2010,185,39.63053894,40.91648865,0.0678
T11,Akçaabat,2010,201,39.63053894,40.91648865,0.5225
T11,Akçaabat,2010,217,39.63053894,40.91648865,0.5219
T11,Akçaabat,2010,233,39.63053894,40.91648865,0.4763
T11,Akçaabat,2010,249,39.63053894,40.91648865,0.1134
T11,Akçaabat,2010,265,39.63053894,40.91648865,0.4331
T11,Akçaabat,2010,281,39.63053894,40.91648865,0.1394
T11,Akçaabat,2010,297,39.63053894,40.91648865,0.3587
T11,Akçaabat,2010,313,39.63053894,40.91648865,0.3661
T11,Akçaabat,2010,329,39.63053894,40.91648865,0.2736
T11,Akçaabat,2010,345,39.63053894,40.91648865,0.2561
T11,Akçaabat,2010,361,39.63053894,40.91648865,0.1867
T11,Akçaabat,2011,9,39.63053894,40.91648865,0.1867
T11,Akçaabat,2011,25,39.63053894,40.91648865,0.2115
T11,Akçaabat,2011,41,39.63053894,40.91648865,0.0647
T11,Akçaabat,2011,57,39.63053894,40.91648865,0.1707
T11,Akçaabat,2011,73,39.63053894,40.91648865,0.1809
T11,Akçaabat,2011,89,39.63053894,40.91648865,0.2539
T11,Akçaabat,2011,105,39.63053894,40.91648865,0.3298
T11,Akçaabat,2011,121,39.63053894,40.91648865,0.4484
T11,Akçaabat,2011,137,39.63053894,40.91648865,0.5305
T11,Akçaabat,2011,153,39.63053894,40.91648865,0.5734
T11,Akçaabat,2011,169,39.63053894,40.91648865,0.6273
T11,Akçaabat,2011,185,39.63053894,40.91648865,0.6222
T11,Akçaabat,2011,201,39.63053894,40.91648865,0.6063
T11,Akçaabat,2011,217,39.63053894,40.91648865,0.1366
T11,Akçaabat,2011,233,39.63053894,40.91648865,0.5809
T11,Akçaabat,2011,249,39.63053894,40.91648865,0.4737
T11,Akçaabat,2011,265,39.63053894,40.91648865,0.4614
T11,Akçaabat,2011,281,39.63053894,40.91648865,0.4074
T11,Akçaabat,2011,297,39.63053894,40.91648865,0.2473
T11,Akçaabat,2011,313,39.63053894,40.91648865,0.3817
T11,Akçaabat,2011,329,39.63053894,40.91648865,0.2367
T11,Akçaabat,2011,345,39.63053894,40.91648865,0.2394
T11,Akçaabat,2011,361,39.63053894,40.91648865,0.2273
T11,Akçaabat,2012,9,39.63053894,40.91648865,0.0508
T11,Akçaabat,2012,25,39.63053894,40.91648865,0.2639
T11,Akçaabat,2012,41,39.63053894,40.91648865,0.2013
T11,Akçaabat,2012,57,39.63053894,40.91648865,0.1759
T11,Akçaabat,2012,73,39.63053894,40.91648865,0.1996
T11,Akçaabat,2012,89,39.63053894,40.91648865,0.2407
T11,Akçaabat,2012,105,39.63053894,40.91648865,0.5285
T11,Akçaabat,2012,121,39.63053894,40.91648865,0.5446
T11,Akçaabat,2012,137,39.63053894,40.91648865,0.6023
T11,Akçaabat,2012,153,39.63053894,40.91648865,0.5757
T11,Akçaabat,2012,169,39.63053894,40.91648865,0.5672
T11,Akçaabat,2012,185,39.63053894,40.91648865,0.497
T11,Akçaabat,2012,201,39.63053894,40.91648865,0.4224
T11,Akçaabat,2012,217,39.63053894,40.91648865,0.0488
T11,Akçaabat,2012,233,39.63053894,40.91648865,0.5005
T11,Akçaabat,2012,249,39.63053894,40.91648865,0.4384
T11,Akçaabat,2012,265,39.63053894,40.91648865,0.3862
T11,Akçaabat,2012,281,39.63053894,40.91648865,0.3748
T11,Akçaabat,2012,297,39.63053894,40.91648865,0.3588
T11,Akçaabat,2012,313,39.63053894,40.91648865,0.2178
T11,Akçaabat,2012,329,39.63053894,40.91648865,0.263
T11,Akçaabat,2012,345,39.63053894,40.91648865,0.296
T11,Akçaabat,2012,361,39.63053894,40.91648865,0.1789
T11,Akçaabat,2013,9,39.63053894,40.91648865,0.2294
T11,Akçaabat,2013,25,39.63053894,40.91648865,0.1961
T11,Akçaabat,2013,41,39.63053894,40.91648865,0.2238
T11,Akçaabat,2013,57,39.63053894,40.91648865,0.1813
T11,Akçaabat,2013,73,39.63053894,40.91648865,0.2865
T11,Akçaabat,2013,89,39.63053894,40.91648865,0.3645
T11,Akçaabat,2013,105,39.63053894,40.91648865,0.4699
T11,Akçaabat,2013,121,39.63053894,40.91648865,0.5536
T11,Akçaabat,2013,137,39.63053894,40.91648865,0.5147
T11,Akçaabat,2013,153,39.63053894,40.91648865,0.5166
T11,Akçaabat,2013,169,39.63053894,40.91648865,0.5079
T11,Akçaabat,2013,185,39.63053894,40.91648865,0.4416
T11,Akçaabat,2013,201,39.63053894,40.91648865,0.4106
T11,Akçaabat,2013,217,39.63053894,40.91648865,0.2388
T11,Akçaabat,2013,233,39.63053894,40.91648865,0.4622
T11,Akçaabat,2013,249,39.63053894,40.91648865,0.4462
T11,Akçaabat,2013,265,39.63053894,40.91648865,0.4459
T11,Akçaabat,2013,281,39.63053894,40.91648865,0.4339
T11,Akçaabat,2013,297,39.63053894,40.91648865,0.3606
T11,Akçaabat,2013,313,39.63053894,40.91648865,0.3063
T11,Akçaabat,2013,329,39.63053894,40.91648865,0.2344
T11,Akçaabat,2013,345,39.63053894,40.91648865,0.0845
T11,Akçaabat,2013,361,39.63053894,40.91648865,0.1816
T11,Akçaabat,2014,9,39.63053894,40.91648865,0.2243
T11,Akçaabat,2014,25,39.63053894,40.91648865,0.1916
T11,Akçaabat,2014,41,39.63053894,40.91648865,0.1789
T11,Akçaabat,2014,57,39.63053894,40.91648865,0.251
T11,Akçaabat,2014,73,39.63053894,40.91648865,0.3052
T11,Akçaabat,2014,89,39.63053894,40.91648865,0.3448
T11,Akçaabat,2014,105,39.63053894,40.91648865,0.4392
T11,Akçaabat,2014,121,39.63053894,40.91648865,0.5255
T11,Akçaabat,2014,137,39.63053894,40.91648865,0.5272
T11,Akçaabat,2014,153,39.63053894,40.91648865,0.593
T11,Akçaabat,2014,169,39.63053894,40.91648865,0.5344
T11,Akçaabat,2014,185,39.63053894,40.91648865,0.5559
T11,Akçaabat,2014,201,39.63053894,40.91648865,0.4367
T11,Akçaabat,2014,217,39.63053894,40.91648865,0.4888
T11,Akçaabat,2014,233,39.63053894,40.91648865,0.2104
T11,Akçaabat,2014,249,39.63053894,40.91648865,0.1462
T11,Akçaabat,2014,265,39.63053894,40.91648865,0.12
T11,Akçaabat,2014,281,39.63053894,40.91648865,0.3939
T11,Akçaabat,2014,297,39.63053894,40.91648865,0.3229
T11,Akçaabat,2014,313,39.63053894,40.91648865,0.3601
T11,Akçaabat,2014,329,39.63053894,40.91648865,0.2082
T11,Akçaabat,2014,345,39.63053894,40.91648865,0.2535
T11,Akçaabat,2014,361,39.63053894,40.91648865,0.1488
T11,Akçaabat,2015,9,39.63053894,40.91648865,0.233
T11,Akçaabat,2015,25,39.63053894,40.91648865,0.2017
T11,Akçaabat,2015,41,39.63053894,40.91648865,0.0578
T11,Akçaabat,2015,57,39.63053894,40.91648865,0.2064
T11,Akçaabat,2015,73,39.63053894,40.91648865,0.2198
T11,Akçaabat,2015,89,39.63053894,40.91648865,0.322
T11,Akçaabat,2015,105,39.63053894,40.91648865,0.3696
T11,Akçaabat,2015,121,39.63053894,40.91648865,0.5144
T11,Akçaabat,2015,137,39.63053894,40.91648865,0.5774
T11,Akçaabat,2015,153,39.63053894,40.91648865,0.6036
T11,Akçaabat,2015,169,39.63053894,40.91648865,0.4588
T11,Akçaabat,2015,185,39.63053894,40.91648865,0.5112
T11,Akçaabat,2015,201,39.63053894,40.91648865,0.4831
T11,Akçaabat,2015,217,39.63053894,40.91648865,0.5402
T11,Akçaabat,2015,233,39.63053894,40.91648865,0.5769
T11,Akçaabat,2015,249,39.63053894,40.91648865,0.4751
T11,Akçaabat,2015,265,39.63053894,40.91648865,0.4376
T11,Akçaabat,2015,281,39.63053894,40.91648865,0.4084
T11,Akçaabat,2015,297,39.63053894,40.91648865,0.3508
T11,Akçaabat,2015,313,39.63053894,40.91648865,0.3157
T11,Akçaabat,2015,329,39.63053894,40.91648865,0.2215
T11,Akçaabat,2015,345,39.63053894,40.91648865,0.2889
T11,Akçaabat,2015,361,39.63053894,40.91648865,0.2885
T11,Akçaabat,2016,9,39.63053894,40.91648865,0.1954
T11,Akçaabat,2016,25,39.63053894,40.91648865,0.2202
T11,Akçaabat,2016,41,39.63053894,40.91648865,0.2574
T11,Akçaabat,2016,57,39.63053894,40.91648865,0.2946
T11,Akçaabat,2016,73,39.63053894,40.91648865,0.3548
T11,Akçaabat,2016,89,39.63053894,40.91648865,0.3626
T11,Akçaabat,2016,105,39.63053894,40.91648865,0.4962
T11,Akçaabat,2016,121,39.63053894,40.91648865,0.4409
T11,Akçaabat,2016,137,39.63053894,40.91648865,0.6133
T11,Akçaabat,2016,153,39.63053894,40.91648865,0.613
T11,Akçaabat,2016,169,39.63053894,40.91648865,0.4351
T11,Akçaabat,2016,185,39.63053894,40.91648865,0.4882
T11,Akçaabat,2016,201,39.63053894,40.91648865,0.4379
T11,Akçaabat,2016,217,39.63053894,40.91648865,0.4459
T11,Akçaabat,2016,233,39.63053894,40.91648865,0.108
T11,Akçaabat,2016,249,39.63053894,40.91648865,0.4391
T11,Akçaabat,2016,265,39.63053894,40.91648865,0.4499
T11,Akçaabat,2016,281,39.63053894,40.91648865,0.3333
T11,Akçaabat,2016,297,39.63053894,40.91648865,0.4006
T11,Akçaabat,2016,313,39.63053894,40.91648865,0.3425
T11,Akçaabat,2016,329,39.63053894,40.91648865,0.2244
T11,Akçaabat,2016,345,39.63053894,40.91648865,0.2018
T11,Akçaabat,2016,361,39.63053894,40.91648865,0.2011
T11,Akçaabat,2017,9,39.63053894,40.91648865,0.233
T11,Akçaabat,2017,25,39.63053894,40.91648865,0.078
T11,Akçaabat,2017,41,39.63053894,40.91648865,0.2406
T11,Akçaabat,2017,57,39.63053894,40.91648865,0.2302
T11,Akçaabat,2017,73,39.63053894,40.91648865,0.2803
T11,Akçaabat,2017,89,39.63053894,40.91648865,0.2783
T11,Akçaabat,2017,105,39.63053894,40.91648865,0.5391
T11,Akçaabat,2017,121,39.63053894,40.91648865,0.5687
T11,Akçaabat,2017,137,39.63053894,40.91648865,0.6321
T11,Akçaabat,2017,153,39.63053894,40.91648865,0.5622
T11,Akçaabat,2017,169,39.63053894,40.91648865,0.5233
T11,Akçaabat,2017,185,39.63053894,40.91648865,0.1231
T11,Akçaabat,2017,201,39.63053894,40.91648865,0.5268
T11,Akçaabat,2017,217,39.63053894,40.91648865,0.3776
T11,Akçaabat,2017,233,39.63053894,40.91648865,0.3743
T11,Akçaabat,2017,249,39.63053894,40.91648865,0.4518
T11,Akçaabat,2017,265,39.63053894,40.91648865,0.426
T11,Akçaabat,2017,281,39.63053894,40.91648865,0.4096
T11,Akçaabat,2017,297,39.63053894,40.91648865,0.4004
T11,Akçaabat,2017,313,39.63053894,40.91648865,0.2739
T11,Akçaabat,2017,329,39.63053894,40.91648865,0.2804
T11,Akçaabat,2017,345,39.63053894,40.91648865,0.2382
T11,Akçaabat,2017,361,39.63053894,40.91648865,0.2504
T11,Akçaabat,2018,9,39.63053894,40.91648865,0.2039
T11,Akçaabat,2018,25,39.63053894,40.91648865,0.175
T11,Akçaabat,2018,41,39.63053894,40.91648865,0.1523
T11,Akçaabat,2018,57,39.63053894,40.91648865,0.1999
T11,Akçaabat,2018,73,39.63053894,40.91648865,0.2734
T11,Akçaabat,2018,89,39.63053894,40.91648865,0.4683
T11,Akçaabat,2018,105,39.63053894,40.91648865,0.4922
T11,Akçaabat,2018,121,39.63053894,40.91648865,0.5373
T11,Akçaabat,2018,137,39.63053894,40.91648865,0.6267
T11,Akçaabat,2018,153,39.63053894,40.91648865,0.3248
T11,Akçaabat,2018,169,39.63053894,40.91648865,0.6298
T11,Akçaabat,2018,185,39.63053894,40.91648865,0.5587
T11,Akçaabat,2018,201,39.63053894,40.91648865,0.5215
T11,Akçaabat,2018,217,39.63053894,40.91648865,0.678
T11,Akçaabat,2018,233,39.63053894,40.91648865,0.4132
T11,Akçaabat,2018,249,39.63053894,40.91648865,0.4883
T11,Akçaabat,2018,265,39.63053894,40.91648865,0.4555
T11,Akçaabat,2018,281,39.63053894,40.91648865,0.4006
T11,Akçaabat,2018,297,39.63053894,40.91648865,0.348
T11,Akçaabat,2018,313,39.63053894,40.91648865,0.2136
T11,Akçaabat,2018,329,39.63053894,40.91648865,0.3038
T11,Akçaabat,2018,345,39.63053894,40.91648865,0.2314
T11,Akçaabat,2018,361,39.63053894,40.91648865,0.2462
T11,Akçaabat,2019,9,39.63053894,40.91648865,0.2471
T11,Akçaabat,2019,25,39.63053894,40.91648865,0.2133
T11,Akçaabat,2019,41,39.63053894,40.91648865,0.2395
T11,Akçaabat,2019,57,39.63053894,40.91648865,0.2429
T11,Akçaabat,2019,73,39.63053894,40.91648865,0.2353
T11,Akçaabat,2019,89,39.63053894,40.91648865,0.2508
T11,Akçaabat,2019,105,39.63053894,40.91648865,0.423
T11,Akçaabat,2019,121,39.63053894,40.91648865,0.5612
T11,Akçaabat,2019,137,39.63053894,40.91648865,0.6704
T11,Akçaabat,2019,153,39.63053894,40.91648865,0.6021
T11,Akçaabat,2019,169,39.63053894,40.91648865,0.5727
T11,Akçaabat,2019,185,39.63053894,40.91648865,0.6036
T11,Akçaabat,2019,201,39.63053894,40.91648865,0.5947
T11,Akçaabat,2019,217,39.63053894,40.91648865,0.621
T11,Akçaabat,2019,233,39.63053894,40.91648865,0.0864
T11,Akçaabat,2019,249,39.63053894,40.91648865,0.4773
T11,Akçaabat,2019,265,39.63053894,40.91648865,0.3708
T11,Akçaabat,2019,281,39.63053894,40.91648865,0.4096
T11,Akçaabat,2019,297,39.63053894,40.91648865,0.3288
T11,Akçaabat,2019,313,39.63053894,40.91648865,0.3239
T11,Akçaabat,2019,329,39.63053894,40.91648865,0.2612
T11,Akçaabat,2019,345,39.63053894,40.91648865,0.1973
T11,Akçaabat,2019,361,39.63053894,40.91648865,0.2273
T11,Akçaabat,2020,9,39.63053894,40.91648865,0.0754
T11,Akçaabat,2020,25,39.63053894,40.91648865,0.1427
T11,Akçaabat,2020,41,39.63053894,40.91648865,0.1007
T11,Akçaabat,2020,57,39.63053894,40.91648865,0.1769
T11,Akçaabat,2020,73,39.63053894,40.91648865,0.2518
T11,Akçaabat,2020,89,39.63053894,40.91648865,0.327
T11,Akçaabat,2020,105,39.63053894,40.91648865,0.3436
T11,Akçaabat,2020,121,39.63053894,40.91648865,0.5624
T11,Akçaabat,2020,137,39.63053894,40.91648865,0.5779
T11,Akçaabat,2020,153,39.63053894,40.91648865,0.6714
T11,Akçaabat,2020,169,39.63053894,40.91648865,0.6189
T11,Akçaabat,2020,185,39.63053894,40.91648865,0.2411
T11,Akçaabat,2020,201,39.63053894,40.91648865,0.4749
T11,Akçaabat,2020,217,39.63053894,40.91648865,0.117
T11,Akçaabat,2020,233,39.63053894,40.91648865,0.4822
T11,Akçaabat,2020,249,39.63053894,40.91648865,0.0939
T11,Akçaabat,2020,265,39.63053894,40.91648865,0.4166
T11,Akçaabat,2020,281,39.63053894,40.91648865,0.4171
T11,Akçaabat,2020,297,39.63053894,40.91648865,0.3049
T11,Akçaabat,2020,313,39.63053894,40.91648865,0.3463
T11,Akçaabat,2020,329,39.63053894,40.91648865,0.2859
T11,Akçaabat,2020,345,39.63053894,40.91648865,0.2073
T11,Akçaabat,2020,361,39.63053894,40.91648865,0.1876
T11,Akçaabat,2021,9,39.63053894,40.91648865,0.1611
T11,Akçaabat,2021,25,39.63053894,40.91648865,0.1498
T11,Akçaabat,2021,41,39.63053894,40.91648865,0.1929
T11,Akçaabat,2021,57,39.63053894,40.91648865,0.2149
T11,Akçaabat,2021,73,39.63053894,40.91648865,0.1604
T11,Akçaabat,2021,89,39.63053894,40.91648865,0.2375
T11,Akçaabat,2021,105,39.63053894,40.91648865,0.4156
T11,Akçaabat,2021,121,39.63053894,40.91648865,0.5176
T11,Akçaabat,2021,137,39.63053894,40.91648865,0.5496
T11,Akçaabat,2021,153,39.63053894,40.91648865,0.5598
T11,Akçaabat,2021,169,39.63053894,40.91648865,0.5719
T11,Akçaabat,2021,185,39.63053894,40.91648865,0.5868
T11,Akçaabat,2021,201,39.63053894,40.91648865,0.3106
T11,Akçaabat,2021,217,39.63053894,40.91648865,0.7337
T11,Akçaabat,2021,233,39.63053894,40.91648865,0.4632
T11,Akçaabat,2021,249,39.63053894,40.91648865,0.4174
T11,Akçaabat,2021,265,39.63053894,40.91648865,0.2378
T11,Akçaabat,2021,281,39.63053894,40.91648865,0.4536
T11,Akçaabat,2021,297,39.63053894,40.91648865,0.3946
T11,Akçaabat,2021,313,39.63053894,40.91648865,0.3221
T11,Akçaabat,2021,329,39.63053894,40.91648865,0.2474
T11,Akçaabat,2021,345,39.63053894,40.91648865,0.2318
T11,Akçaabat,2021,361,39.63053894,40.91648865,0.2465
T11,Akçaabat,2022,9,39.63053894,40.91648865,0.1158
T11,Akçaabat,2022,25,39.63053894,40.91648865,0.2329
T11,Akçaabat,2022,41,39.63053894,40.91648865,0.2243
T11,Akçaabat,2022,57,39.63053894,40.91648865,0.251
T11,Akçaabat,2022,73,39.63053894,40.91648865,0.1062
T11,Akçaabat,2022,89,39.63053894,40.91648865,0.205
T11,Akçaabat,2022,105,39.63053894,40.91648865,0.5241
T11,Akçaabat,2022,121,39.63053894,40.91648865,0.4864
T11,Akçaabat,2022,137,39.63053894,40.91648865,0.5953
T11,Akçaabat,2022,153,39.63053894,40.91648865,0.451
T11,Akçaabat,2022,169,39.63053894,40.91648865,0.218
T11,Akçaabat,2022,185,39.63053894,40.91648865,0.1626
T11,Akçaabat,2022,201,39.63053894,40.91648865,0.4556
T11,Akçaabat,2022,217,39.63053894,40.91648865,0.1965
T11,Akçaabat,2022,233,39.63053894,40.91648865,0.0175
T11,Akçaabat,2022,249,39.63053894,40.91648865,0.4111
T11,Akçaabat,2022,265,39.63053894,40.91648865,0.4001
T11,Akçaabat,2022,281,39.63053894,40.91648865,0.4723
T11,Akçaabat,2022,297,39.63053894,40.91648865,0.3093
T11,Akçaabat,2022,313,39.63053894,40.91648865,0.2678
T11,Akçaabat,2022,329,39.63053894,40.91648865,0.2158
T11,Akçaabat,2022,345,39.63053894,40.91648865,0.325
T11,Akçaabat,2022,361,39.63053894,40.91648865,0.2207
T11,Akçaabat,2023,9,39.63053894,40.91648865,0.2323
T11,Akçaabat,2023,25,39.63053894,40.91648865,0.3201
T11,Akçaabat,2023,41,39.63053894,40.91648865,0.0889
