id,ECO_NAME,year,doy,X1,Y1,ndvi_pure
10139a,Pannonian mixed forests,2011,1,22.1482042776621,44.7772187711012,0.5303
10139a,Pannonian mixed forests,2011,17,22.1482042776621,44.7772187711012,0.6113
10139a,Pannonian mixed forests,2011,33,22.1482042776621,44.7772187711012,0.3887
10139a,Pannonian mixed forests,2011,49,22.1482042776621,44.7772187711012,0.1734
10139a,Pannonian mixed forests,2011,65,22.1482042776621,44.7772187711012,0.4415
10139a,Pannonian mixed forests,2011,81,22.1482042776621,44.7772187711012,0.5088
10139a,Pannonian mixed forests,2011,97,22.1482042776621,44.7772187711012,0.5826
10139a,Pannonian mixed forests,2011,113,22.1482042776621,44.7772187711012,0.5567
10139a,Pannonian mixed forests,2011,129,22.1482042776621,44.7772187711012,0.8882
10139a,Pannonian mixed forests,2011,145,22.1482042776621,44.7772187711012,0.924
10139a,Pannonian mixed forests,2011,161,22.1482042776621,44.7772187711012,0.9345
10139a,Pannonian mixed forests,2011,177,22.1482042776621,44.7772187711012,0.9328
10139a,Pannonian mixed forests,2011,193,22.1482042776621,44.7772187711012,0.9015
10139a,Pannonian mixed forests,2011,209,22.1482042776621,44.7772187711012,0.9236
10139a,Pannonian mixed forests,2011,225,22.1482042776621,44.7772187711012,0.9191
10139a,Pannonian mixed forests,2011,241,22.1482042776621,44.7772187711012,0.8872
10139a,Pannonian mixed forests,2011,257,22.1482042776621,44.7772187711012,0.8521
10139a,Pannonian mixed forests,2011,273,22.1482042776621,44.7772187711012,0.8111
10139a,Pannonian mixed forests,2011,289,22.1482042776621,44.7772187711012,0.7128
10139a,Pannonian mixed forests,2011,305,22.1482042776621,44.7772187711012,0.5894
10139a,Pannonian mixed forests,2011,321,22.1482042776621,44.7772187711012,0.5552
10139a,Pannonian mixed forests,2011,337,22.1482042776621,44.7772187711012,0.5728
10139a,Pannonian mixed forests,2011,353,22.1482042776621,44.7772187711012,0.6402
10139a,Pannonian mixed forests,2012,1,22.1482042776621,44.7772187711012,0.6402
10139a,Pannonian mixed forests,2012,17,22.1482042776621,44.7772187711012,0.0821
10139a,Pannonian mixed forests,2012,33,22.1482042776621,44.7772187711012,0.2336
10139a,Pannonian mixed forests,2012,49,22.1482042776621,44.7772187711012,0.2617
10139a,Pannonian mixed forests,2012,65,22.1482042776621,44.7772187711012,0.215
10139a,Pannonian mixed forests,2012,81,22.1482042776621,44.7772187711012,0.4421
10139a,Pannonian mixed forests,2012,97,22.1482042776621,44.7772187711012,0.5492
10139a,Pannonian mixed forests,2012,113,22.1482042776621,44.7772187711012,0.8782
10139a,Pannonian mixed forests,2012,129,22.1482042776621,44.7772187711012,0.5351
10139a,Pannonian mixed forests,2012,145,22.1482042776621,44.7772187711012,0.9323
10139a,Pannonian mixed forests,2012,161,22.1482042776621,44.7772187711012,0.9223
10139a,Pannonian mixed forests,2012,177,22.1482042776621,44.7772187711012,0.9258
10139a,Pannonian mixed forests,2012,193,22.1482042776621,44.7772187711012,0.9013
10139a,Pannonian mixed forests,2012,209,22.1482042776621,44.7772187711012,0.8929
10139a,Pannonian mixed forests,2012,225,22.1482042776621,44.7772187711012,0.8989
10139a,Pannonian mixed forests,2012,241,22.1482042776621,44.7772187711012,0.8737
10139a,Pannonian mixed forests,2012,257,22.1482042776621,44.7772187711012,0.8523
10139a,Pannonian mixed forests,2012,273,22.1482042776621,44.7772187711012,0.8029
10139a,Pannonian mixed forests,2012,289,22.1482042776621,44.7772187711012,0.7492
10139a,Pannonian mixed forests,2012,305,22.1482042776621,44.7772187711012,0.6284
10139a,Pannonian mixed forests,2012,321,22.1482042776621,44.7772187711012,0.583
10139a,Pannonian mixed forests,2012,337,22.1482042776621,44.7772187711012,0.5696
10139a,Pannonian mixed forests,2012,353,22.1482042776621,44.7772187711012,0.4405
10139a,Pannonian mixed forests,2011,9,22.1482042776621,44.7772187711012,0.5514
10139a,Pannonian mixed forests,2011,25,22.1482042776621,44.7772187711012,0.4435
10139a,Pannonian mixed forests,2011,41,22.1482042776621,44.7772187711012,0.47
10139a,Pannonian mixed forests,2011,57,22.1482042776621,44.7772187711012,0.1736
10139a,Pannonian mixed forests,2011,73,22.1482042776621,44.7772187711012,0.5165
10139a,Pannonian mixed forests,2011,89,22.1482042776621,44.7772187711012,0.5178
10139a,Pannonian mixed forests,2011,105,22.1482042776621,44.7772187711012,0.6011
10139a,Pannonian mixed forests,2011,121,22.1482042776621,44.7772187711012,0.8271
10139a,Pannonian mixed forests,2011,137,22.1482042776621,44.7772187711012,0.9382
10139a,Pannonian mixed forests,2011,153,22.1482042776621,44.7772187711012,0.9313
10139a,Pannonian mixed forests,2011,169,22.1482042776621,44.7772187711012,0.932
10139a,Pannonian mixed forests,2011,185,22.1482042776621,44.7772187711012,0.9256
10139a,Pannonian mixed forests,2011,201,22.1482042776621,44.7772187711012,0.306
10139a,Pannonian mixed forests,2011,217,22.1482042776621,44.7772187711012,0.9294
10139a,Pannonian mixed forests,2011,233,22.1482042776621,44.7772187711012,0.9052
10139a,Pannonian mixed forests,2011,249,22.1482042776621,44.7772187711012,0.8907
10139a,Pannonian mixed forests,2011,265,22.1482042776621,44.7772187711012,0.8118
10139a,Pannonian mixed forests,2011,281,22.1482042776621,44.7772187711012,0.7665
10139a,Pannonian mixed forests,2011,297,22.1482042776621,44.7772187711012,0.582
10139a,Pannonian mixed forests,2011,313,22.1482042776621,44.7772187711012,0.5631
10139a,Pannonian mixed forests,2011,329,22.1482042776621,44.7772187711012,0.5632
10139a,Pannonian mixed forests,2011,345,22.1482042776621,44.7772187711012,0.5193
10139a,Pannonian mixed forests,2011,361,22.1482042776621,44.7772187711012,0.5423
10139a,Pannonian mixed forests,2012,9,22.1482042776621,44.7772187711012,0.541
10139a,Pannonian mixed forests,2012,25,22.1482042776621,44.7772187711012,0.219
10139a,Pannonian mixed forests,2012,41,22.1482042776621,44.7772187711012,0.1988
10139a,Pannonian mixed forests,2012,57,22.1482042776621,44.7772187711012,0.2532
10139a,Pannonian mixed forests,2012,73,22.1482042776621,44.7772187711012,0.5151
10139a,Pannonian mixed forests,2012,89,22.1482042776621,44.7772187711012,0.5123
10139a,Pannonian mixed forests,2012,105,22.1482042776621,44.7772187711012,0.7968
10139a,Pannonian mixed forests,2012,121,22.1482042776621,44.7772187711012,0.8524
10139a,Pannonian mixed forests,2012,137,22.1482042776621,44.7772187711012,0.9525
10139a,Pannonian mixed forests,2012,153,22.1482042776621,44.7772187711012,0.9212
10139a,Pannonian mixed forests,2012,169,22.1482042776621,44.7772187711012,0.928
10139a,Pannonian mixed forests,2012,185,22.1482042776621,44.7772187711012,0.9197
10139a,Pannonian mixed forests,2012,201,22.1482042776621,44.7772187711012,0.9022
10139a,Pannonian mixed forests,2012,217,22.1482042776621,44.7772187711012,0.9097
10139a,Pannonian mixed forests,2012,233,22.1482042776621,44.7772187711012,0.8842
10139a,Pannonian mixed forests,2012,249,22.1482042776621,44.7772187711012,0.8409
10139a,Pannonian mixed forests,2012,265,22.1482042776621,44.7772187711012,0.8082
10139a,Pannonian mixed forests,2012,281,22.1482042776621,44.7772187711012,0.7526
10139a,Pannonian mixed forests,2012,297,22.1482042776621,44.7772187711012,0.6
10139a,Pannonian mixed forests,2012,313,22.1482042776621,44.7772187711012,0.4862
10139a,Pannonian mixed forests,2012,329,22.1482042776621,44.7772187711012,0.5984
10139a,Pannonian mixed forests,2012,345,22.1482042776621,44.7772187711012,0.2516
10139a,Pannonian mixed forests,2012,361,22.1482042776621,44.7772187711012,0.5043
10139a,Pannonian mixed forests,2013,1,22.1482042776621,44.7772187711012,0.3917
10139a,Pannonian mixed forests,2013,17,22.1482042776621,44.7772187711012,0.2976
10139a,Pannonian mixed forests,2013,33,22.1482042776621,44.7772187711012,0.2369
10139a,Pannonian mixed forests,2013,49,22.1482042776621,44.7772187711012,0.5159
10139a,Pannonian mixed forests,2013,65,22.1482042776621,44.7772187711012,0.2214
10139a,Pannonian mixed forests,2013,81,22.1482042776621,44.7772187711012,0.3016
10139a,Pannonian mixed forests,2013,97,22.1482042776621,44.7772187711012,0.5598
10139a,Pannonian mixed forests,2013,113,22.1482042776621,44.7772187711012,0.8215
10139a,Pannonian mixed forests,2013,129,22.1482042776621,44.7772187711012,0.8923
10139a,Pannonian mixed forests,2013,145,22.1482042776621,44.7772187711012,0.8959
10139a,Pannonian mixed forests,2013,161,22.1482042776621,44.7772187711012,0.9133
10139a,Pannonian mixed forests,2013,177,22.1482042776621,44.7772187711012,0.9046
10139a,Pannonian mixed forests,2013,193,22.1482042776621,44.7772187711012,0.9014
10139a,Pannonian mixed forests,2013,209,22.1482042776621,44.7772187711012,0.9061
10139a,Pannonian mixed forests,2013,225,22.1482042776621,44.7772187711012,0.905
10139a,Pannonian mixed forests,2013,241,22.1482042776621,44.7772187711012,0.9016
10139a,Pannonian mixed forests,2013,257,22.1482042776621,44.7772187711012,0.8716
10139a,Pannonian mixed forests,2013,273,22.1482042776621,44.7772187711012,0.7338
10139a,Pannonian mixed forests,2013,289,22.1482042776621,44.7772187711012,0.5665
10139a,Pannonian mixed forests,2013,305,22.1482042776621,44.7772187711012,0.5992
10139a,Pannonian mixed forests,2013,321,22.1482042776621,44.7772187711012,0.6082
10139a,Pannonian mixed forests,2013,337,22.1482042776621,44.7772187711012,0.4714
10139a,Pannonian mixed forests,2013,353,22.1482042776621,44.7772187711012,0.6061
10139a,Pannonian mixed forests,2014,1,22.1482042776621,44.7772187711012,0.6061
10139a,Pannonian mixed forests,2014,17,22.1482042776621,44.7772187711012,0.0618
10139a,Pannonian mixed forests,2014,33,22.1482042776621,44.7772187711012,0.5695
10139a,Pannonian mixed forests,2014,49,22.1482042776621,44.7772187711012,0.5549
10139a,Pannonian mixed forests,2014,65,22.1482042776621,44.7772187711012,0.5344
10139a,Pannonian mixed forests,2014,81,22.1482042776621,44.7772187711012,0.5342
10139a,Pannonian mixed forests,2014,97,22.1482042776621,44.7772187711012,0.6714
10139a,Pannonian mixed forests,2014,113,22.1482042776621,44.7772187711012,0.868
10139a,Pannonian mixed forests,2014,129,22.1482042776621,44.7772187711012,0.9124
10139a,Pannonian mixed forests,2014,145,22.1482042776621,44.7772187711012,0.9183
10139a,Pannonian mixed forests,2014,161,22.1482042776621,44.7772187711012,0.9108
10139a,Pannonian mixed forests,2014,177,22.1482042776621,44.7772187711012,0.9243
10139a,Pannonian mixed forests,2014,193,22.1482042776621,44.7772187711012,0.8884
10139a,Pannonian mixed forests,2014,209,22.1482042776621,44.7772187711012,0.9202
10139a,Pannonian mixed forests,2014,225,22.1482042776621,44.7772187711012,0.9
10139a,Pannonian mixed forests,2014,241,22.1482042776621,44.7772187711012,0.9004
10139a,Pannonian mixed forests,2014,257,22.1482042776621,44.7772187711012,0.8822
10139a,Pannonian mixed forests,2014,273,22.1482042776621,44.7772187711012,0.8644
10139a,Pannonian mixed forests,2014,289,22.1482042776621,44.7772187711012,0.6822
10139a,Pannonian mixed forests,2014,305,22.1482042776621,44.7772187711012,0.6639
10139a,Pannonian mixed forests,2014,321,22.1482042776621,44.7772187711012,0.0094
10139a,Pannonian mixed forests,2014,337,22.1482042776621,44.7772187711012,0.4458
10139a,Pannonian mixed forests,2014,353,22.1482042776621,44.7772187711012,0.6328
10139a,Pannonian mixed forests,2015,1,22.1482042776621,44.7772187711012,0.2273
10139a,Pannonian mixed forests,2015,17,22.1482042776621,44.7772187711012,0.4599
10139a,Pannonian mixed forests,2015,33,22.1482042776621,44.7772187711012,0.2099
10139a,Pannonian mixed forests,2015,49,22.1482042776621,44.7772187711012,0.3628
10139a,Pannonian mixed forests,2015,65,22.1482042776621,44.7772187711012,0.5312
10139a,Pannonian mixed forests,2015,81,22.1482042776621,44.7772187711012,0.4761
10139a,Pannonian mixed forests,2015,97,22.1482042776621,44.7772187711012,0.5109
10139a,Pannonian mixed forests,2015,113,22.1482042776621,44.7772187711012,0.882
10139a,Pannonian mixed forests,2015,129,22.1482042776621,44.7772187711012,0.9124
10139a,Pannonian mixed forests,2015,145,22.1482042776621,44.7772187711012,0.9225
10139a,Pannonian mixed forests,2015,161,22.1482042776621,44.7772187711012,0.9281
10139a,Pannonian mixed forests,2015,177,22.1482042776621,44.7772187711012,0.9225
10139a,Pannonian mixed forests,2015,193,22.1482042776621,44.7772187711012,0.9189
10139a,Pannonian mixed forests,2015,209,22.1482042776621,44.7772187711012,0.9045
10139a,Pannonian mixed forests,2015,225,22.1482042776621,44.7772187711012,0.8861
10139a,Pannonian mixed forests,2015,241,22.1482042776621,44.7772187711012,0.8951
10139a,Pannonian mixed forests,2015,257,22.1482042776621,44.7772187711012,0.8637
10139a,Pannonian mixed forests,2015,273,22.1482042776621,44.7772187711012,0.8961
10139a,Pannonian mixed forests,2015,289,22.1482042776621,44.7772187711012,0.7206
10139a,Pannonian mixed forests,2015,305,22.1482042776621,44.7772187711012,0.6398
10139a,Pannonian mixed forests,2015,321,22.1482042776621,44.7772187711012,0.6044
10139a,Pannonian mixed forests,2015,337,22.1482042776621,44.7772187711012,0.6314
10139a,Pannonian mixed forests,2015,353,22.1482042776621,44.7772187711012,0.6712
10139a,Pannonian mixed forests,2016,1,22.1482042776621,44.7772187711012,0.5777
10139a,Pannonian mixed forests,2016,17,22.1482042776621,44.7772187711012,0.3472
10139a,Pannonian mixed forests,2016,33,22.1482042776621,44.7772187711012,0.6229
10139a,Pannonian mixed forests,2016,49,22.1482042776621,44.7772187711012,0.4168
10139a,Pannonian mixed forests,2016,65,22.1482042776621,44.7772187711012,0.5377
10139a,Pannonian mixed forests,2016,81,22.1482042776621,44.7772187711012,0.5303
10139a,Pannonian mixed forests,2016,97,22.1482042776621,44.7772187711012,0.8673
10139a,Pannonian mixed forests,2016,113,22.1482042776621,44.7772187711012,0.8541
10139a,Pannonian mixed forests,2016,129,22.1482042776621,44.7772187711012,0.9014
10139a,Pannonian mixed forests,2016,145,22.1482042776621,44.7772187711012,0.9058
10139a,Pannonian mixed forests,2016,161,22.1482042776621,44.7772187711012,0.8761
10139a,Pannonian mixed forests,2016,177,22.1482042776621,44.7772187711012,0.9033
10139a,Pannonian mixed forests,2016,193,22.1482042776621,44.7772187711012,0.894
10139a,Pannonian mixed forests,2016,209,22.1482042776621,44.7772187711012,0.8992
10139a,Pannonian mixed forests,2016,225,22.1482042776621,44.7772187711012,0.8933
10139a,Pannonian mixed forests,2016,241,22.1482042776621,44.7772187711012,0.8826
10139a,Pannonian mixed forests,2016,257,22.1482042776621,44.7772187711012,0.8525
10139a,Pannonian mixed forests,2016,273,22.1482042776621,44.7772187711012,0.7474
10139a,Pannonian mixed forests,2016,289,22.1482042776621,44.7772187711012,0.0749
10139a,Pannonian mixed forests,2016,305,22.1482042776621,44.7772187711012,0.6104
10139a,Pannonian mixed forests,2016,321,22.1482042776621,44.7772187711012,0.6452
10139a,Pannonian mixed forests,2016,337,22.1482042776621,44.7772187711012,0.7069
10139a,Pannonian mixed forests,2016,353,22.1482042776621,44.7772187711012,0.299
10139a,Pannonian mixed forests,2017,1,22.1482042776621,44.7772187711012,0.0865
10139a,Pannonian mixed forests,2017,17,22.1482042776621,44.7772187711012,0.2471
10139a,Pannonian mixed forests,2017,33,22.1482042776621,44.7772187711012,0.5111
10139a,Pannonian mixed forests,2017,49,22.1482042776621,44.7772187711012,0.5126
10139a,Pannonian mixed forests,2017,65,22.1482042776621,44.7772187711012,0.5226
10139a,Pannonian mixed forests,2017,81,22.1482042776621,44.7772187711012,0.5785
10139a,Pannonian mixed forests,2017,97,22.1482042776621,44.7772187711012,0.653
10139a,Pannonian mixed forests,2017,113,22.1482042776621,44.7772187711012,0.6979
10139a,Pannonian mixed forests,2017,129,22.1482042776621,44.7772187711012,0.881
10139a,Pannonian mixed forests,2017,145,22.1482042776621,44.7772187711012,0.904
10139a,Pannonian mixed forests,2017,161,22.1482042776621,44.7772187711012,0.9077
10139a,Pannonian mixed forests,2017,177,22.1482042776621,44.7772187711012,0.9075
10139a,Pannonian mixed forests,2017,193,22.1482042776621,44.7772187711012,0.8981
10139a,Pannonian mixed forests,2017,209,22.1482042776621,44.7772187711012,0.8937
10139a,Pannonian mixed forests,2017,225,22.1482042776621,44.7772187711012,0.8773
10139a,Pannonian mixed forests,2017,241,22.1482042776621,44.7772187711012,0.8702
10139a,Pannonian mixed forests,2017,257,22.1482042776621,44.7772187711012,0.8611
10139a,Pannonian mixed forests,2017,273,22.1482042776621,44.7772187711012,0.845
10139a,Pannonian mixed forests,2017,289,22.1482042776621,44.7772187711012,0.6549
10139a,Pannonian mixed forests,2017,305,22.1482042776621,44.7772187711012,0.5602
10139a,Pannonian mixed forests,2017,321,22.1482042776621,44.7772187711012,0.6015
10139a,Pannonian mixed forests,2017,337,22.1482042776621,44.7772187711012,0.3366
10139a,Pannonian mixed forests,2017,353,22.1482042776621,44.7772187711012,0.6355
10139a,Pannonian mixed forests,2018,1,22.1482042776621,44.7772187711012,0.5624
10139a,Pannonian mixed forests,2018,17,22.1482042776621,44.7772187711012,0.3053
10139a,Pannonian mixed forests,2018,33,22.1482042776621,44.7772187711012,0.3387
10139a,Pannonian mixed forests,2018,49,22.1482042776621,44.7772187711012,0.1994
10139a,Pannonian mixed forests,2018,65,22.1482042776621,44.7772187711012,0.5581
10139a,Pannonian mixed forests,2018,81,22.1482042776621,44.7772187711012,0.4546
10139a,Pannonian mixed forests,2018,97,22.1482042776621,44.7772187711012,0.8171
10139a,Pannonian mixed forests,2018,113,22.1482042776621,44.7772187711012,0.9066
10139a,Pannonian mixed forests,2018,129,22.1482042776621,44.7772187711012,0.901
10139a,Pannonian mixed forests,2018,145,22.1482042776621,44.7772187711012,0.9129
10139a,Pannonian mixed forests,2018,161,22.1482042776621,44.7772187711012,0.9716
10139a,Pannonian mixed forests,2018,177,22.1482042776621,44.7772187711012,0.9146
10139a,Pannonian mixed forests,2018,193,22.1482042776621,44.7772187711012,0.9099
10139a,Pannonian mixed forests,2018,209,22.1482042776621,44.7772187711012,0.9194
10139a,Pannonian mixed forests,2018,225,22.1482042776621,44.7772187711012,0.8969
10139a,Pannonian mixed forests,2018,241,22.1482042776621,44.7772187711012,0.8734
10139a,Pannonian mixed forests,2018,257,22.1482042776621,44.7772187711012,0.8862
10139a,Pannonian mixed forests,2018,273,22.1482042776621,44.7772187711012,0.79
10139a,Pannonian mixed forests,2018,289,22.1482042776621,44.7772187711012,0.6033
10139a,Pannonian mixed forests,2018,305,22.1482042776621,44.7772187711012,0.5689
10139a,Pannonian mixed forests,2018,321,22.1482042776621,44.7772187711012,0.4364
10139a,Pannonian mixed forests,2018,337,22.1482042776621,44.7772187711012,0.5658
10139a,Pannonian mixed forests,2018,353,22.1482042776621,44.7772187711012,0.2691
10139a,Pannonian mixed forests,2019,1,22.1482042776621,44.7772187711012,0.2691
10139a,Pannonian mixed forests,2019,17,22.1482042776621,44.7772187711012,0.2552
10139a,Pannonian mixed forests,2019,33,22.1482042776621,44.7772187711012,0.3054
10139a,Pannonian mixed forests,2019,49,22.1482042776621,44.7772187711012,0.3173
10139a,Pannonian mixed forests,2019,65,22.1482042776621,44.7772187711012,0.5871
10139a,Pannonian mixed forests,2019,81,22.1482042776621,44.7772187711012,0.5202
10139a,Pannonian mixed forests,2019,97,22.1482042776621,44.7772187711012,0.737
10139a,Pannonian mixed forests,2019,113,22.1482042776621,44.7772187711012,0.6944
10139a,Pannonian mixed forests,2019,129,22.1482042776621,44.7772187711012,0.6331
10139a,Pannonian mixed forests,2019,145,22.1482042776621,44.7772187711012,0.7964
10139a,Pannonian mixed forests,2019,161,22.1482042776621,44.7772187711012,0.9084
10139a,Pannonian mixed forests,2019,177,22.1482042776621,44.7772187711012,0.8886
10139a,Pannonian mixed forests,2019,193,22.1482042776621,44.7772187711012,0.9061
10139a,Pannonian mixed forests,2019,209,22.1482042776621,44.7772187711012,0.9051
10139a,Pannonian mixed forests,2019,225,22.1482042776621,44.7772187711012,0.8931
10139a,Pannonian mixed forests,2019,241,22.1482042776621,44.7772187711012,0.8609
10139a,Pannonian mixed forests,2019,257,22.1482042776621,44.7772187711012,0.8261
10139a,Pannonian mixed forests,2019,273,22.1482042776621,44.7772187711012,0.8309
10139a,Pannonian mixed forests,2019,289,22.1482042776621,44.7772187711012,0.7013
10139a,Pannonian mixed forests,2019,305,22.1482042776621,44.7772187711012,0.6947
10139a,Pannonian mixed forests,2019,321,22.1482042776621,44.7772187711012,0.4391
10139a,Pannonian mixed forests,2019,337,22.1482042776621,44.7772187711012,0.5644
10139a,Pannonian mixed forests,2019,353,22.1482042776621,44.7772187711012,0.5209
10139a,Pannonian mixed forests,2020,1,22.1482042776621,44.7772187711012,0.5613
10139a,Pannonian mixed forests,2020,17,22.1482042776621,44.7772187711012,0.5626
10139a,Pannonian mixed forests,2020,33,22.1482042776621,44.7772187711012,0.5174
10139a,Pannonian mixed forests,2020,49,22.1482042776621,44.7772187711012,0.5582
10139a,Pannonian mixed forests,2020,65,22.1482042776621,44.7772187711012,0.5225
10139a,Pannonian mixed forests,2020,81,22.1482042776621,44.7772187711012,0.5368
10139a,Pannonian mixed forests,2020,97,22.1482042776621,44.7772187711012,0.5785
10139a,Pannonian mixed forests,2020,113,22.1482042776621,44.7772187711012,0.7514
10139a,Pannonian mixed forests,2020,129,22.1482042776621,44.7772187711012,0.9125
10139a,Pannonian mixed forests,2020,145,22.1482042776621,44.7772187711012,0.9033
10139a,Pannonian mixed forests,2020,161,22.1482042776621,44.7772187711012,0.6057
10139a,Pannonian mixed forests,2020,177,22.1482042776621,44.7772187711012,0.9282
10139a,Pannonian mixed forests,2020,193,22.1482042776621,44.7772187711012,0.9053
10139a,Pannonian mixed forests,2020,209,22.1482042776621,44.7772187711012,0.911
10139a,Pannonian mixed forests,2020,225,22.1482042776621,44.7772187711012,0.916
10139a,Pannonian mixed forests,2020,241,22.1482042776621,44.7772187711012,0.9183
10139a,Pannonian mixed forests,2020,257,22.1482042776621,44.7772187711012,0.8964
10139a,Pannonian mixed forests,2020,273,22.1482042776621,44.7772187711012,0.8706
10139a,Pannonian mixed forests,2020,289,22.1482042776621,44.7772187711012,0.8103
10139a,Pannonian mixed forests,2020,305,22.1482042776621,44.7772187711012,0.6521
10139a,Pannonian mixed forests,2020,321,22.1482042776621,44.7772187711012,0.5785
10139a,Pannonian mixed forests,2020,337,22.1482042776621,44.7772187711012,0.3661
10139a,Pannonian mixed forests,2020,353,22.1482042776621,44.7772187711012,0.5776
10139a,Pannonian mixed forests,2021,1,22.1482042776621,44.7772187711012,0.5776
10139a,Pannonian mixed forests,2021,17,22.1482042776621,44.7772187711012,0.4992
10139a,Pannonian mixed forests,2021,33,22.1482042776621,44.7772187711012,0.6217
10139a,Pannonian mixed forests,2021,49,22.1482042776621,44.7772187711012,0.5499
10139a,Pannonian mixed forests,2021,65,22.1482042776621,44.7772187711012,0.5657
10139a,Pannonian mixed forests,2021,81,22.1482042776621,44.7772187711012,0.6263
10139a,Pannonian mixed forests,2021,97,22.1482042776621,44.7772187711012,0.4729
10139a,Pannonian mixed forests,2021,113,22.1482042776621,44.7772187711012,0.8088
10139a,Pannonian mixed forests,2021,129,22.1482042776621,44.7772187711012,0.8631
10139a,Pannonian mixed forests,2021,145,22.1482042776621,44.7772187711012,0.9235
10139a,Pannonian mixed forests,2021,161,22.1482042776621,44.7772187711012,0.9343
10139a,Pannonian mixed forests,2021,177,22.1482042776621,44.7772187711012,0.9321
10139a,Pannonian mixed forests,2021,193,22.1482042776621,44.7772187711012,0.8851
10139a,Pannonian mixed forests,2021,209,22.1482042776621,44.7772187711012,0.9326
10139a,Pannonian mixed forests,2021,225,22.1482042776621,44.7772187711012,0.9106
10139a,Pannonian mixed forests,2021,241,22.1482042776621,44.7772187711012,0.8916
10139a,Pannonian mixed forests,2021,257,22.1482042776621,44.7772187711012,0.9091
10139a,Pannonian mixed forests,2021,273,22.1482042776621,44.7772187711012,0.8505
10139a,Pannonian mixed forests,2021,289,22.1482042776621,44.7772187711012,0.6672
10139a,Pannonian mixed forests,2021,305,22.1482042776621,44.7772187711012,0.6016
10139a,Pannonian mixed forests,2021,321,22.1482042776621,44.7772187711012,0.7748
10139a,Pannonian mixed forests,2021,337,22.1482042776621,44.7772187711012,0.0109
10139a,Pannonian mixed forests,2021,353,22.1482042776621,44.7772187711012,0.2273
10139a,Pannonian mixed forests,2013,9,22.1482042776621,44.7772187711012,0.279
10139a,Pannonian mixed forests,2013,25,22.1482042776621,44.7772187711012,0.0635
10139a,Pannonian mixed forests,2013,41,22.1482042776621,44.7772187711012,0.2099
10139a,Pannonian mixed forests,2013,57,22.1482042776621,44.7772187711012,0.4093
10139a,Pannonian mixed forests,2013,73,22.1482042776621,44.7772187711012,0.3458
10139a,Pannonian mixed forests,2013,89,22.1482042776621,44.7772187711012,0.1915
10139a,Pannonian mixed forests,2013,105,22.1482042776621,44.7772187711012,0.6756
10139a,Pannonian mixed forests,2013,121,22.1482042776621,44.7772187711012,0.9171
10139a,Pannonian mixed forests,2013,137,22.1482042776621,44.7772187711012,0.9027
10139a,Pannonian mixed forests,2013,153,22.1482042776621,44.7772187711012,0.912
10139a,Pannonian mixed forests,2013,169,22.1482042776621,44.7772187711012,0.9125
10139a,Pannonian mixed forests,2013,185,22.1482042776621,44.7772187711012,0.8918
10139a,Pannonian mixed forests,2013,201,22.1482042776621,44.7772187711012,0.8996
10139a,Pannonian mixed forests,2013,217,22.1482042776621,44.7772187711012,0.9007
10139a,Pannonian mixed forests,2013,233,22.1482042776621,44.7772187711012,0.8954
10139a,Pannonian mixed forests,2013,249,22.1482042776621,44.7772187711012,0.8853
10139a,Pannonian mixed forests,2013,265,22.1482042776621,44.7772187711012,0.857
10139a,Pannonian mixed forests,2013,281,22.1482042776621,44.7772187711012,0.7188
10139a,Pannonian mixed forests,2013,297,22.1482042776621,44.7772187711012,0.5668
10139a,Pannonian mixed forests,2013,313,22.1482042776621,44.7772187711012,0.5916
10139a,Pannonian mixed forests,2013,329,22.1482042776621,44.7772187711012,0.1891
10139a,Pannonian mixed forests,2013,345,22.1482042776621,44.7772187711012,0.5827
10139a,Pannonian mixed forests,2013,361,22.1482042776621,44.7772187711012,0.5252
10139a,Pannonian mixed forests,2014,9,22.1482042776621,44.7772187711012,0.5252
10139a,Pannonian mixed forests,2014,25,22.1482042776621,44.7772187711012,0.2245
10139a,Pannonian mixed forests,2014,41,22.1482042776621,44.7772187711012,0.5238
10139a,Pannonian mixed forests,2014,57,22.1482042776621,44.7772187711012,0.506
10139a,Pannonian mixed forests,2014,73,22.1482042776621,44.7772187711012,0.5148
10139a,Pannonian mixed forests,2014,89,22.1482042776621,44.7772187711012,0.5368
10139a,Pannonian mixed forests,2014,105,22.1482042776621,44.7772187711012,0.7627
10139a,Pannonian mixed forests,2014,121,22.1482042776621,44.7772187711012,0.193
10139a,Pannonian mixed forests,2014,137,22.1482042776621,44.7772187711012,0.9086
10139a,Pannonian mixed forests,2014,153,22.1482042776621,44.7772187711012,0.9175
10139a,Pannonian mixed forests,2014,169,22.1482042776621,44.7772187711012,0.9042
10139a,Pannonian mixed forests,2014,185,22.1482042776621,44.7772187711012,0.8608
10139a,Pannonian mixed forests,2014,201,22.1482042776621,44.7772187711012,0.8818
10139a,Pannonian mixed forests,2014,217,22.1482042776621,44.7772187711012,0.8919
10139a,Pannonian mixed forests,2014,233,22.1482042776621,44.7772187711012,0.9022
10139a,Pannonian mixed forests,2014,249,22.1482042776621,44.7772187711012,0.3406
10139a,Pannonian mixed forests,2014,265,22.1482042776621,44.7772187711012,0.8717
10139a,Pannonian mixed forests,2014,281,22.1482042776621,44.7772187711012,0.6893
10139a,Pannonian mixed forests,2014,297,22.1482042776621,44.7772187711012,0.6321
10139a,Pannonian mixed forests,2014,313,22.1482042776621,44.7772187711012,0.6284
10139a,Pannonian mixed forests,2014,329,22.1482042776621,44.7772187711012,0.1224
10139a,Pannonian mixed forests,2014,345,22.1482042776621,44.7772187711012,0.6079
10139a,Pannonian mixed forests,2014,361,22.1482042776621,44.7772187711012,0.3305
10139a,Pannonian mixed forests,2015,9,22.1482042776621,44.7772187711012,0.267
10139a,Pannonian mixed forests,2015,25,22.1482042776621,44.7772187711012,0.2922
10139a,Pannonian mixed forests,2015,41,22.1482042776621,44.7772187711012,0.3275
10139a,Pannonian mixed forests,2015,57,22.1482042776621,44.7772187711012,0.5314
10139a,Pannonian mixed forests,2015,73,22.1482042776621,44.7772187711012,0.4964
10139a,Pannonian mixed forests,2015,89,22.1482042776621,44.7772187711012,0.5125
10139a,Pannonian mixed forests,2015,105,22.1482042776621,44.7772187711012,0.5226
10139a,Pannonian mixed forests,2015,121,22.1482042776621,44.7772187711012,0.8326
10139a,Pannonian mixed forests,2015,137,22.1482042776621,44.7772187711012,0.9043
10139a,Pannonian mixed forests,2015,153,22.1482042776621,44.7772187711012,0.9189
10139a,Pannonian mixed forests,2015,169,22.1482042776621,44.7772187711012,0.9131
10139a,Pannonian mixed forests,2015,185,22.1482042776621,44.7772187711012,0.9159
10139a,Pannonian mixed forests,2015,201,22.1482042776621,44.7772187711012,0.8906
10139a,Pannonian mixed forests,2015,217,22.1482042776621,44.7772187711012,0.8985
10139a,Pannonian mixed forests,2015,233,22.1482042776621,44.7772187711012,0.8997
10139a,Pannonian mixed forests,2015,249,22.1482042776621,44.7772187711012,0.8461
10139a,Pannonian mixed forests,2015,265,22.1482042776621,44.7772187711012,0.8926
10139a,Pannonian mixed forests,2015,281,22.1482042776621,44.7772187711012,0.7573
10139a,Pannonian mixed forests,2015,297,22.1482042776621,44.7772187711012,0.6471
10139a,Pannonian mixed forests,2015,313,22.1482042776621,44.7772187711012,0.6141
10139a,Pannonian mixed forests,2015,329,22.1482042776621,44.7772187711012,0.3792
10139a,Pannonian mixed forests,2015,345,22.1482042776621,44.7772187711012,0.5842
10139a,Pannonian mixed forests,2015,361,22.1482042776621,44.7772187711012,0.5715
10139a,Pannonian mixed forests,2016,9,22.1482042776621,44.7772187711012,0.5594
10139a,Pannonian mixed forests,2016,25,22.1482042776621,44.7772187711012,0.545
10139a,Pannonian mixed forests,2016,41,22.1482042776621,44.7772187711012,0.5381
10139a,Pannonian mixed forests,2016,57,22.1482042776621,44.7772187711012,0.2587
10139a,Pannonian mixed forests,2016,73,22.1482042776621,44.7772187711012,0.5252
10139a,Pannonian mixed forests,2016,89,22.1482042776621,44.7772187711012,0.524
10139a,Pannonian mixed forests,2016,105,22.1482042776621,44.7772187711012,0.8752
10139a,Pannonian mixed forests,2016,121,22.1482042776621,44.7772187711012,0.2738
10139a,Pannonian mixed forests,2016,137,22.1482042776621,44.7772187711012,0.9068
10139a,Pannonian mixed forests,2016,153,22.1482042776621,44.7772187711012,0.8911
10139a,Pannonian mixed forests,2016,169,22.1482042776621,44.7772187711012,0.9133
10139a,Pannonian mixed forests,2016,185,22.1482042776621,44.7772187711012,0.8946
10139a,Pannonian mixed forests,2016,201,22.1482042776621,44.7772187711012,0.8635
10139a,Pannonian mixed forests,2016,217,22.1482042776621,44.7772187711012,0.8921
10139a,Pannonian mixed forests,2016,233,22.1482042776621,44.7772187711012,0.8792
10139a,Pannonian mixed forests,2016,249,22.1482042776621,44.7772187711012,0.8828
10139a,Pannonian mixed forests,2016,265,22.1482042776621,44.7772187711012,0.8122
10139a,Pannonian mixed forests,2016,281,22.1482042776621,44.7772187711012,0.2042
10139a,Pannonian mixed forests,2016,297,22.1482042776621,44.7772187711012,0.5868
10139a,Pannonian mixed forests,2016,313,22.1482042776621,44.7772187711012,0.5605
10139a,Pannonian mixed forests,2016,329,22.1482042776621,44.7772187711012,0.5052
10139a,Pannonian mixed forests,2016,345,22.1482042776621,44.7772187711012,0.5665
10139a,Pannonian mixed forests,2016,361,22.1482042776621,44.7772187711012,0.3747
10139a,Pannonian mixed forests,2017,9,22.1482042776621,44.7772187711012,0.36
10139a,Pannonian mixed forests,2017,25,22.1482042776621,44.7772187711012,0.2368
10139a,Pannonian mixed forests,2017,41,22.1482042776621,44.7772187711012,0.541
10139a,Pannonian mixed forests,2017,57,22.1482042776621,44.7772187711012,0.5475
10139a,Pannonian mixed forests,2017,73,22.1482042776621,44.7772187711012,0.5413
10139a,Pannonian mixed forests,2017,89,22.1482042776621,44.7772187711012,0.5599
10139a,Pannonian mixed forests,2017,105,22.1482042776621,44.7772187711012,0.69
10139a,Pannonian mixed forests,2017,121,22.1482042776621,44.7772187711012,0.8711
10139a,Pannonian mixed forests,2017,137,22.1482042776621,44.7772187711012,0.9029
10139a,Pannonian mixed forests,2017,153,22.1482042776621,44.7772187711012,0.9035
10139a,Pannonian mixed forests,2017,169,22.1482042776621,44.7772187711012,0.8932
10139a,Pannonian mixed forests,2017,185,22.1482042776621,44.7772187711012,0.9006
10139a,Pannonian mixed forests,2017,201,22.1482042776621,44.7772187711012,0.8813
10139a,Pannonian mixed forests,2017,217,22.1482042776621,44.7772187711012,0.8559
10139a,Pannonian mixed forests,2017,233,22.1482042776621,44.7772187711012,0.8671
10139a,Pannonian mixed forests,2017,249,22.1482042776621,44.7772187711012,0.8558
10139a,Pannonian mixed forests,2017,265,22.1482042776621,44.7772187711012,0.824
10139a,Pannonian mixed forests,2017,281,22.1482042776621,44.7772187711012,0.7356
10139a,Pannonian mixed forests,2017,297,22.1482042776621,44.7772187711012,0.5955
10139a,Pannonian mixed forests,2017,313,22.1482042776621,44.7772187711012,0.5445
10139a,Pannonian mixed forests,2017,329,22.1482042776621,44.7772187711012,0.5244
10139a,Pannonian mixed forests,2017,345,22.1482042776621,44.7772187711012,0.5937
10139a,Pannonian mixed forests,2017,361,22.1482042776621,44.7772187711012,0.5584
10139a,Pannonian mixed forests,2018,9,22.1482042776621,44.7772187711012,0.257
10139a,Pannonian mixed forests,2018,25,22.1482042776621,44.7772187711012,0.3814
10139a,Pannonian mixed forests,2018,41,22.1482042776621,44.7772187711012,0.2342
10139a,Pannonian mixed forests,2018,57,22.1482042776621,44.7772187711012,0.3122
10139a,Pannonian mixed forests,2018,73,22.1482042776621,44.7772187711012,0.3076
10139a,Pannonian mixed forests,2018,89,22.1482042776621,44.7772187711012,0.5321
10139a,Pannonian mixed forests,2018,105,22.1482042776621,44.7772187711012,0.8374
10139a,Pannonian mixed forests,2018,121,22.1482042776621,44.7772187711012,0.9032
10139a,Pannonian mixed forests,2018,137,22.1482042776621,44.7772187711012,0.9197
10139a,Pannonian mixed forests,2018,153,22.1482042776621,44.7772187711012,0.8769
10139a,Pannonian mixed forests,2018,169,22.1482042776621,44.7772187711012,0.9138
10139a,Pannonian mixed forests,2018,185,22.1482042776621,44.7772187711012,0.886
10139a,Pannonian mixed forests,2018,201,22.1482042776621,44.7772187711012,0.9224
10139a,Pannonian mixed forests,2018,217,22.1482042776621,44.7772187711012,0.904
10139a,Pannonian mixed forests,2018,233,22.1482042776621,44.7772187711012,0.8936
10139a,Pannonian mixed forests,2018,249,22.1482042776621,44.7772187711012,0.8396
10139a,Pannonian mixed forests,2018,265,22.1482042776621,44.7772187711012,0.8465
10139a,Pannonian mixed forests,2018,281,22.1482042776621,44.7772187711012,0.7002
10139a,Pannonian mixed forests,2018,297,22.1482042776621,44.7772187711012,0.5868
10139a,Pannonian mixed forests,2018,313,22.1482042776621,44.7772187711012,0.5702
10139a,Pannonian mixed forests,2018,329,22.1482042776621,44.7772187711012,0.6025
10139a,Pannonian mixed forests,2018,345,22.1482042776621,44.7772187711012,0.4852
10139a,Pannonian mixed forests,2018,361,22.1482042776621,44.7772187711012,0.0873
10139a,Pannonian mixed forests,2019,9,22.1482042776621,44.7772187711012,0.19
10139a,Pannonian mixed forests,2019,25,22.1482042776621,44.7772187711012,0.2893
10139a,Pannonian mixed forests,2019,41,22.1482042776621,44.7772187711012,0.3089
10139a,Pannonian mixed forests,2019,57,22.1482042776621,44.7772187711012,0.5466
10139a,Pannonian mixed forests,2019,73,22.1482042776621,44.7772187711012,0.5134
10139a,Pannonian mixed forests,2019,89,22.1482042776621,44.7772187711012,0.506
10139a,Pannonian mixed forests,2019,105,22.1482042776621,44.7772187711012,0.7392
10139a,Pannonian mixed forests,2019,121,22.1482042776621,44.7772187711012,0.6716
10139a,Pannonian mixed forests,2019,137,22.1482042776621,44.7772187711012,0.917
10139a,Pannonian mixed forests,2019,153,22.1482042776621,44.7772187711012,0.9095
10139a,Pannonian mixed forests,2019,169,22.1482042776621,44.7772187711012,0.9004
10139a,Pannonian mixed forests,2019,185,22.1482042776621,44.7772187711012,0.8986
10139a,Pannonian mixed forests,2019,201,22.1482042776621,44.7772187711012,0.9059
10139a,Pannonian mixed forests,2019,217,22.1482042776621,44.7772187711012,0.8936
10139a,Pannonian mixed forests,2019,233,22.1482042776621,44.7772187711012,0.862
10139a,Pannonian mixed forests,2019,249,22.1482042776621,44.7772187711012,0.8261
10139a,Pannonian mixed forests,2019,265,22.1482042776621,44.7772187711012,0.8044
10139a,Pannonian mixed forests,2019,281,22.1482042776621,44.7772187711012,0.8065
10139a,Pannonian mixed forests,2019,297,22.1482042776621,44.7772187711012,0.6716
10139a,Pannonian mixed forests,2019,313,22.1482042776621,44.7772187711012,0.4059
10139a,Pannonian mixed forests,2019,329,22.1482042776621,44.7772187711012,0.5462
10139a,Pannonian mixed forests,2019,345,22.1482042776621,44.7772187711012,0.4954
10139a,Pannonian mixed forests,2019,361,22.1482042776621,44.7772187711012,0.4743
10139a,Pannonian mixed forests,2020,9,22.1482042776621,44.7772187711012,0.5339
10139a,Pannonian mixed forests,2020,25,22.1482042776621,44.7772187711012,0.5457
10139a,Pannonian mixed forests,2020,41,22.1482042776621,44.7772187711012,0.5043
10139a,Pannonian mixed forests,2020,57,22.1482042776621,44.7772187711012,0.5459
10139a,Pannonian mixed forests,2020,73,22.1482042776621,44.7772187711012,0.5108
10139a,Pannonian mixed forests,2020,89,22.1482042776621,44.7772187711012,0.4993
10139a,Pannonian mixed forests,2020,105,22.1482042776621,44.7772187711012,0.8113
10139a,Pannonian mixed forests,2020,121,22.1482042776621,44.7772187711012,0.8902
10139a,Pannonian mixed forests,2020,137,22.1482042776621,44.7772187711012,0.9081
10139a,Pannonian mixed forests,2020,153,22.1482042776621,44.7772187711012,0.8798
10139a,Pannonian mixed forests,2020,169,22.1482042776621,44.7772187711012,0.9199
10139a,Pannonian mixed forests,2020,185,22.1482042776621,44.7772187711012,0.9154
10139a,Pannonian mixed forests,2020,201,22.1482042776621,44.7772187711012,0.9118
10139a,Pannonian mixed forests,2020,217,22.1482042776621,44.7772187711012,0.9081
10139a,Pannonian mixed forests,2020,233,22.1482042776621,44.7772187711012,0.9146
10139a,Pannonian mixed forests,2020,249,22.1482042776621,44.7772187711012,0.8947
10139a,Pannonian mixed forests,2020,265,22.1482042776621,44.7772187711012,0.8618
10139a,Pannonian mixed forests,2020,281,22.1482042776621,44.7772187711012,0.8144
10139a,Pannonian mixed forests,2020,297,22.1482042776621,44.7772187711012,0.7586
10139a,Pannonian mixed forests,2020,313,22.1482042776621,44.7772187711012,0.5792
10139a,Pannonian mixed forests,2020,329,22.1482042776621,44.7772187711012,0.5501
10139a,Pannonian mixed forests,2020,345,22.1482042776621,44.7772187711012,0.4555
10139a,Pannonian mixed forests,2020,361,22.1482042776621,44.7772187711012,0.53
10139a,Pannonian mixed forests,2021,9,22.1482042776621,44.7772187711012,0.1646
10139a,Pannonian mixed forests,2021,25,22.1482042776621,44.7772187711012,0.5084
10139a,Pannonian mixed forests,2021,41,22.1482042776621,44.7772187711012,0.5494
10139a,Pannonian mixed forests,2021,57,22.1482042776621,44.7772187711012,0.5103
10139a,Pannonian mixed forests,2021,73,22.1482042776621,44.7772187711012,0.5524
10139a,Pannonian mixed forests,2021,89,22.1482042776621,44.7772187711012,0.5182
10139a,Pannonian mixed forests,2021,105,22.1482042776621,44.7772187711012,0.5043
10139a,Pannonian mixed forests,2021,121,22.1482042776621,44.7772187711012,0.8662
10139a,Pannonian mixed forests,2021,137,22.1482042776621,44.7772187711012,0.9067
10139a,Pannonian mixed forests,2021,153,22.1482042776621,44.7772187711012,0.9461
10139a,Pannonian mixed forests,2021,169,22.1482042776621,44.7772187711012,0.922
10139a,Pannonian mixed forests,2021,185,22.1482042776621,44.7772187711012,0.9337
10139a,Pannonian mixed forests,2021,201,22.1482042776621,44.7772187711012,0.8833
10139a,Pannonian mixed forests,2021,217,22.1482042776621,44.7772187711012,0.9074
10139a,Pannonian mixed forests,2021,233,22.1482042776621,44.7772187711012,0.9096
10139a,Pannonian mixed forests,2021,249,22.1482042776621,44.7772187711012,0.9064
10139a,Pannonian mixed forests,2021,265,22.1482042776621,44.7772187711012,0.853
10139a,Pannonian mixed forests,2021,281,22.1482042776621,44.7772187711012,0.683
10139a,Pannonian mixed forests,2021,297,22.1482042776621,44.7772187711012,0.6067
10139a,Pannonian mixed forests,2021,313,22.1482042776621,44.7772187711012,0.5576
10139a,Pannonian mixed forests,2021,329,22.1482042776621,44.7772187711012,0.5636
10139a,Pannonian mixed forests,2021,345,22.1482042776621,44.7772187711012,0.5219
10139a,Pannonian mixed forests,2021,361,22.1482042776621,44.7772187711012,0.5287
